[{"model": "app_sumo.tran_systemstatus", "pk": 2, "fields": {"Event_date": 202003, "CurrentBasho": 9, "SystemStatus": null, "TorikumiDate": 17, "MatchDate": 17, "First_date": "2020-03-14", "Banzuke_date": "2020-02-12", "Age_calcu_reference_date": "2020-03-15", "Daily_func_time": null, "Daily_func_prev_time": null, "Daily_func_prev_type": null, "SendingMode": null}}, {"model": "app_sumo.tran_banzuke_forecast", "pk": 5, "fields": {"Sys_status": 2, "Rikishi": 5, "Class_code": 1, "Banzuke_rank": 1, "Banzuke_no": 1}}, {"model": "app_sumo.tran_banzuke_forecast", "pk": 6, "fields": {"Sys_status": 2, "Rikishi": 6, "Class_code": 1, "Banzuke_rank": 2, "Banzuke_no": 2}}, {"model": "app_sumo.tran_banzuke_forecast", "pk": 7, "fields": {"Sys_status": 2, "Rikishi": 7, "Class_code": 1, "Banzuke_rank": 3, "Banzuke_no": 3}}, {"model": "app_sumo.tran_banzuke_forecast", "pk": 8, "fields": {"Sys_status": 2, "Rikishi": 8, "Class_code": 1, "Banzuke_rank": 4, "Banzuke_no": 4}}, {"model": "app_sumo.tran_banzuke_forecast", "pk": 9, "fields": {"Sys_status": 2, "Rikishi": 9, "Class_code": 1, "Banzuke_rank": 5, "Banzuke_no": 5}}, {"model": "app_sumo.tran_banzuke_forecast", "pk": 10, "fields": {"Sys_status": 2, "Rikishi": 10, "Class_code": 1, "Banzuke_rank": 6, "Banzuke_no": 6}}, {"model": "app_sumo.tran_banzuke_forecast", "pk": 11, "fields": {"Sys_status": 2, "Rikishi": 11, "Class_code": 1, "Banzuke_rank": 7, "Banzuke_no": 7}}, {"model": "app_sumo.tran_banzuke_forecast", "pk": 12, "fields": {"Sys_status": 2, "Rikishi": 12, "Class_code": 1, "Banzuke_rank": 8, "Banzuke_no": 8}}, {"model": "app_sumo.tran_banzuke_forecast", "pk": 13, "fields": {"Sys_status": 2, "Rikishi": 13, "Class_code": 1, "Banzuke_rank": 9, "Banzuke_no": 9}}, {"model": "app_sumo.tran_banzuke", "pk": 1, "fields": {"Sys_status": 2, "Rikishi": 5, "Join_code": null, "Class_code": 1, "Eastwest_code": 3, "New_chii": 2, "Banzuke_rank": null, "Haridashi": null, "Banzuke_no": null, "Appear_code": null, "Demoted_rank": null}}, {"model": "app_sumo.tran_banzuke", "pk": 2, "fields": {"Sys_status": 2, "Rikishi": 7, "Join_code": null, "Class_code": 1, "Eastwest_code": 3, "New_chii": 3, "Banzuke_rank": null, "Haridashi": null, "Banzuke_no": null, "Appear_code": null, "Demoted_rank": null}}, {"model": "app_sumo.tran_banzuke", "pk": 3, "fields": {"Sys_status": 2, "Rikishi": 8, "Join_code": null, "Class_code": 1, "Eastwest_code": 3, "New_chii": 4, "Banzuke_rank": null, "Haridashi": null, "Banzuke_no": null, "Appear_code": null, "Demoted_rank": null}}, {"model": "app_sumo.tran_banzuke", "pk": 4, "fields": {"Sys_status": 2, "Rikishi": 10, "Join_code": null, "Class_code": 1, "Eastwest_code": 3, "New_chii": 5, "Banzuke_rank": null, "Haridashi": null, "Banzuke_no": null, "Appear_code": null, "Demoted_rank": null}}, {"model": "app_sumo.tran_banzuke", "pk": 5, "fields": {"Sys_status": 2, "Rikishi": 12, "Join_code": null, "Class_code": 1, "Eastwest_code": 3, "New_chii": 6, "Banzuke_rank": 1, "Haridashi": null, "Banzuke_no": null, "Appear_code": null, "Demoted_rank": null}}, {"model": "app_sumo.tran_banzuke", "pk": 6, "fields": {"Sys_status": 2, "Rikishi": 6, "Join_code": null, "Class_code": 1, "Eastwest_code": 4, "New_chii": 1, "Banzuke_rank": null, "Haridashi": null, "Banzuke_no": null, "Appear_code": null, "Demoted_rank": null}}, {"model": "app_sumo.tran_banzuke", "pk": 7, "fields": {"Sys_status": 2, "Rikishi": 9, "Join_code": null, "Class_code": 1, "Eastwest_code": 4, "New_chii": 4, "Banzuke_rank": null, "Haridashi": null, "Banzuke_no": null, "Appear_code": null, "Demoted_rank": null}}, {"model": "app_sumo.tran_banzuke", "pk": 8, "fields": {"Sys_status": 2, "Rikishi": 11, "Join_code": null, "Class_code": 1, "Eastwest_code": 4, "New_chii": 5, "Banzuke_rank": null, "Haridashi": null, "Banzuke_no": null, "Appear_code": null, "Demoted_rank": null}}, {"model": "app_sumo.tran_banzuke", "pk": 9, "fields": {"Sys_status": 2, "Rikishi": 13, "Join_code": null, "Class_code": 1, "Eastwest_code": 4, "New_chii": 6, "Banzuke_rank": 1, "Haridashi": null, "Banzuke_no": null, "Appear_code": null, "Demoted_rank": null}}, {"model": "app_sumo.tran_topclassrikishi", "pk": 2, "fields": {"Class_code": 7, "Yearmonth": 202003, "Nichime_code": 31, "LossCount": 2, "WinCount": null}}, {"model": "app_sumo.tran_topclassrikishi", "pk": 3, "fields": {"Class_code": 1, "Yearmonth": 202003, "Nichime_code": 31, "LossCount": null, "WinCount": null}}, {"model": "app_sumo.tran_topclassrikishi", "pk": 4, "fields": {"Class_code": 2, "Yearmonth": 202003, "Nichime_code": 31, "LossCount": null, "WinCount": null}}, {"model": "app_sumo.tran_topclassrikishi", "pk": 5, "fields": {"Class_code": 3, "Yearmonth": 202003, "Nichime_code": 31, "LossCount": null, "WinCount": null}}, {"model": "app_sumo.tran_topclassrikishi", "pk": 6, "fields": {"Class_code": 4, "Yearmonth": 202003, "Nichime_code": 31, "LossCount": null, "WinCount": null}}, {"model": "app_sumo.tran_topclassrikishi", "pk": 7, "fields": {"Class_code": 5, "Yearmonth": 202003, "Nichime_code": 31, "LossCount": null, "WinCount": null}}, {"model": "app_sumo.tran_topclassrikishi", "pk": 8, "fields": {"Class_code": 6, "Yearmonth": 202003, "Nichime_code": 31, "LossCount": null, "WinCount": null}}, {"model": "app_sumo.tran_topclassrikishi", "pk": 9, "fields": {"Class_code": 1, "Yearmonth": 202003, "Nichime_code": 18, "LossCount": null, "WinCount": null}}, {"model": "app_sumo.tran_topclassrikishi", "pk": 10, "fields": {"Class_code": 2, "Yearmonth": 202003, "Nichime_code": 18, "LossCount": null, "WinCount": null}}, {"model": "app_sumo.tran_topclassrikishi", "pk": 11, "fields": {"Class_code": 3, "Yearmonth": 202003, "Nichime_code": 18, "LossCount": null, "WinCount": null}}, {"model": "app_sumo.tran_topclassrikishi", "pk": 12, "fields": {"Class_code": 4, "Yearmonth": 202003, "Nichime_code": 18, "LossCount": null, "WinCount": null}}, {"model": "app_sumo.tran_topclassrikishi", "pk": 13, "fields": {"Class_code": 5, "Yearmonth": 202003, "Nichime_code": 18, "LossCount": null, "WinCount": null}}, {"model": "app_sumo.tran_topclassrikishi", "pk": 14, "fields": {"Class_code": 6, "Yearmonth": 202003, "Nichime_code": 18, "LossCount": null, "WinCount": null}}, {"model": "app_sumo.tran_topclassrikishi", "pk": 15, "fields": {"Class_code": 1, "Yearmonth": 202003, "Nichime_code": 17, "LossCount": null, "WinCount": null}}, {"model": "app_sumo.tran_topclassrikishi", "pk": 16, "fields": {"Class_code": 2, "Yearmonth": 202003, "Nichime_code": 17, "LossCount": null, "WinCount": null}}, {"model": "app_sumo.tran_topclassrikishi", "pk": 17, "fields": {"Class_code": 3, "Yearmonth": 202003, "Nichime_code": 17, "LossCount": null, "WinCount": null}}, {"model": "app_sumo.tran_topclassrikishi", "pk": 18, "fields": {"Class_code": 4, "Yearmonth": 202003, "Nichime_code": 17, "LossCount": null, "WinCount": null}}, {"model": "app_sumo.tran_topclassrikishi", "pk": 19, "fields": {"Class_code": 5, "Yearmonth": 202003, "Nichime_code": 17, "LossCount": null, "WinCount": null}}, {"model": "app_sumo.tran_topclassrikishi", "pk": 20, "fields": {"Class_code": 6, "Yearmonth": 202003, "Nichime_code": 17, "LossCount": null, "WinCount": null}}, {"model": "app_sumo.tran_yushosansho", "pk": 1, "fields": {"Rikishi": 1, "Yearmonth": 202003, "Nichime_code": 32, "Class_code": 7, "Yusho_flg": true, "Shukunsho_flg": false, "Kantosho_flg": false, "Ginosho_flg": false}}, {"model": "app_sumo.tran_yushosansho", "pk": 2, "fields": {"Rikishi": 2, "Yearmonth": 202003, "Nichime_code": 32, "Class_code": 7, "Yusho_flg": false, "Shukunsho_flg": true, "Kantosho_flg": false, "Ginosho_flg": false}}, {"model": "app_sumo.tran_yushosansho", "pk": 3, "fields": {"Rikishi": 3, "Yearmonth": 202003, "Nichime_code": 32, "Class_code": 7, "Yusho_flg": false, "Shukunsho_flg": false, "Kantosho_flg": true, "Ginosho_flg": false}}, {"model": "app_sumo.tran_yushosansho", "pk": 4, "fields": {"Rikishi": 4, "Yearmonth": 202003, "Nichime_code": 32, "Class_code": 7, "Yusho_flg": false, "Shukunsho_flg": false, "Kantosho_flg": false, "Ginosho_flg": true}}, {"model": "app_sumo.tran_yushosansho", "pk": 5, "fields": {"Rikishi": 1, "Yearmonth": 202003, "Nichime_code": 31, "Class_code": 7, "Yusho_flg": true, "Shukunsho_flg": false, "Kantosho_flg": false, "Ginosho_flg": false}}, {"model": "app_sumo.mst_rikishi", "pk": 1, "fields": {"Rikishi_code": 14450, "Rikishi_name_kanji_official": "\u677e\u6d66", "Rikishi_name_kanji_kana": "\u307e\u3064\u3046\u3089", "Rikishi_name_Kanji_2char": "\u677e\u6d66", "Rikishi_name_Kanji_3char": "\u677e\u3000\u6d66", "Rikishi_name_Kanji_4char": "\u677e\u3000\u6d66", "Rikishi_name_jikai_code_official": "", "Rikishi_name_jikai_code_2char": "", "Rikishi_name_jikai_code_3char": "", "Rikishi_name_jikai_code_4char": "", "Heya_code": 1, "OCR_rikishi_name_Kanji": "\u677e\u6d66", "Real_name": "", "Date_of_birth": "1990-05-10", "Hometown_code_1": 14, "Hometown_details_1": "\u897f\u6771\u4eac", "Hometown_details_abbr1_2char": "\u897f\u6771\u897f\u6771", "Hometown_details_abbr1_3char": "", "Hometown_code_2": null, "Hometown_details_2": "", "Hometown_details_abbr2_2char": "", "Hometown_details_abbr2_3char": "", "Alien_classification": false, "Height": 176, "Weight": 129, "Last_weight": 129, "Hatsudohyou_year": 2006, "Hatsubasho_code": null, "Tukedashi_class_code": null, "Tukedashi_class": false, "Tukedashi_maime": null, "Rikishi_attrib_class": 2, "Retired_year_AD": 1992, "Retirebasho_code": 10, "Day_of_retirement": 31, "Hometown_details_Municipality_1": "", "Hometown_details_Municipality_2": ""}}, {"model": "app_sumo.mst_rikishi", "pk": 2, "fields": {"Rikishi_code": 14460, "Rikishi_name_kanji_official": "\u6803\u98db\u9f8d", "Rikishi_name_kanji_kana": "\u3068\u3061\u3072\u308a\u3085\u3046", "Rikishi_name_Kanji_2char": "\u6803\u98db", "Rikishi_name_Kanji_3char": "\u6803\u98db\u9f8d", "Rikishi_name_Kanji_4char": "\u6803\u98db\u9f8d", "Rikishi_name_jikai_code_official": "", "Rikishi_name_jikai_code_2char": "", "Rikishi_name_jikai_code_3char": "", "Rikishi_name_jikai_code_4char": "", "Heya_code": 2, "OCR_rikishi_name_Kanji": "\u6803\u98db\u9f8d", "Real_name": "", "Date_of_birth": "1987-04-23", "Hometown_code_1": 15, "Hometown_details_1": "\u4e09\u5cf6", "Hometown_details_abbr1_2char": "", "Hometown_details_abbr1_3char": "", "Hometown_code_2": null, "Hometown_details_2": "", "Hometown_details_abbr2_2char": "", "Hometown_details_abbr2_3char": "", "Alien_classification": false, "Height": 177, "Weight": 154, "Last_weight": 154, "Hatsudohyou_year": 2006, "Hatsubasho_code": null, "Tukedashi_class_code": null, "Tukedashi_class": false, "Tukedashi_maime": null, "Rikishi_attrib_class": 1, "Retired_year_AD": null, "Retirebasho_code": null, "Day_of_retirement": null, "Hometown_details_Municipality_1": "", "Hometown_details_Municipality_2": ""}}, {"model": "app_sumo.mst_rikishi", "pk": 3, "fields": {"Rikishi_code": 14470, "Rikishi_name_kanji_official": "\u8c6a\u9802\u5c71", "Rikishi_name_kanji_kana": "\u3054\u3046\u3061\u3087\u3046\u3056\u3093", "Rikishi_name_Kanji_2char": "\u8c6a\u9802", "Rikishi_name_Kanji_3char": "\u8c6a\u9802\u5c71", "Rikishi_name_Kanji_4char": "\u8c6a\u9802\u5c71", "Rikishi_name_jikai_code_official": "", "Rikishi_name_jikai_code_2char": "", "Rikishi_name_jikai_code_3char": "", "Rikishi_name_jikai_code_4char": "", "Heya_code": 3, "OCR_rikishi_name_Kanji": "\u8c6a\u9802\u5c71", "Real_name": "", "Date_of_birth": "1987-08-26", "Hometown_code_1": 13, "Hometown_details_1": "\u30a6\u30e9\u30f3\u30d0\u30fc\u30c8\u30eb\u5e02", "Hometown_details_abbr1_2char": "", "Hometown_details_abbr1_3char": "", "Hometown_code_2": null, "Hometown_details_2": "", "Hometown_details_abbr2_2char": "", "Hometown_details_abbr2_3char": "", "Alien_classification": true, "Height": null, "Weight": null, "Last_weight": null, "Hatsudohyou_year": null, "Hatsubasho_code": null, "Tukedashi_class_code": null, "Tukedashi_class": false, "Tukedashi_maime": null, "Rikishi_attrib_class": 1, "Retired_year_AD": null, "Retirebasho_code": null, "Day_of_retirement": null, "Hometown_details_Municipality_1": "", "Hometown_details_Municipality_2": ""}}, {"model": "app_sumo.mst_rikishi", "pk": 4, "fields": {"Rikishi_code": 14480, "Rikishi_name_kanji_official": "\u5927\u548c\u7530", "Rikishi_name_kanji_kana": "\u304a\u304a\u308f\u3060", "Rikishi_name_Kanji_2char": "\u5927\u548c", "Rikishi_name_Kanji_3char": "\u5927\u548c\u7530", "Rikishi_name_Kanji_4char": "\u5927\u548c\u7530", "Rikishi_name_jikai_code_official": "", "Rikishi_name_jikai_code_2char": "", "Rikishi_name_jikai_code_3char": "", "Rikishi_name_jikai_code_4char": "", "Heya_code": 4, "OCR_rikishi_name_Kanji": "\u5927\u548c\u7530", "Real_name": "", "Date_of_birth": "1983-07-19", "Hometown_code_1": 16, "Hometown_details_1": "\u5ddd\u53e3", "Hometown_details_abbr1_2char": "", "Hometown_details_abbr1_3char": "", "Hometown_code_2": null, "Hometown_details_2": "", "Hometown_details_abbr2_2char": "", "Hometown_details_abbr2_3char": "", "Alien_classification": false, "Height": null, "Weight": null, "Last_weight": null, "Hatsudohyou_year": null, "Hatsubasho_code": null, "Tukedashi_class_code": null, "Tukedashi_class": false, "Tukedashi_maime": null, "Rikishi_attrib_class": 1, "Retired_year_AD": null, "Retirebasho_code": null, "Day_of_retirement": null, "Hometown_details_Municipality_1": "", "Hometown_details_Municipality_2": ""}}, {"model": "app_sumo.mst_rikishi", "pk": 5, "fields": {"Rikishi_code": 7920, "Rikishi_name_kanji_official": "\u767d\u9d6c", "Rikishi_name_kanji_kana": "\u306f\u304f\u307b\u3046", "Rikishi_name_Kanji_2char": "\u767d\u9d6c", "Rikishi_name_Kanji_3char": "\u767d\u3000\u9d6c", "Rikishi_name_Kanji_4char": "\u767d\u3000\u9d6c\u3000", "Rikishi_name_jikai_code_official": "", "Rikishi_name_jikai_code_2char": "", "Rikishi_name_jikai_code_3char": "", "Rikishi_name_jikai_code_4char": "", "Heya_code": 4, "OCR_rikishi_name_Kanji": "", "Real_name": "", "Date_of_birth": "1985-03-11", "Hometown_code_1": 13, "Hometown_details_1": "\u30a6\u30e9\u30f3\u30d0\u30fc\u30c8\u30eb", "Hometown_details_abbr1_2char": "\u30a6\u30e9", "Hometown_details_abbr1_3char": "\u30a6\u30e9\u30f3", "Hometown_code_2": null, "Hometown_details_2": "", "Hometown_details_abbr2_2char": "", "Hometown_details_abbr2_3char": "", "Alien_classification": true, "Height": 192, "Weight": 160, "Last_weight": 158, "Hatsudohyou_year": 2001, "Hatsubasho_code": 9, "Tukedashi_class_code": null, "Tukedashi_class": false, "Tukedashi_maime": null, "Rikishi_attrib_class": 1, "Retired_year_AD": null, "Retirebasho_code": null, "Day_of_retirement": null, "Hometown_details_Municipality_1": "\u30a6\u30e9\u30f3\u30d0\u30fc\u30c8\u30eb\u5e02", "Hometown_details_Municipality_2": ""}}, {"model": "app_sumo.mst_rikishi", "pk": 6, "fields": {"Rikishi_code": 9060, "Rikishi_name_kanji_official": "\u9db4\u7adc", "Rikishi_name_kanji_kana": "\u304b\u304f\u308a\u3085\u3046", "Rikishi_name_Kanji_2char": "\u9db4\u7adc", "Rikishi_name_Kanji_3char": "\u9db4\u3000\u7adc", "Rikishi_name_Kanji_4char": "\u9db4\u3000\u7adc\u3000", "Rikishi_name_jikai_code_official": "", "Rikishi_name_jikai_code_2char": "", "Rikishi_name_jikai_code_3char": "", "Rikishi_name_jikai_code_4char": "", "Heya_code": 13, "OCR_rikishi_name_Kanji": "", "Real_name": "", "Date_of_birth": "1985-08-10", "Hometown_code_1": 13, "Hometown_details_1": "\u30b9\u30d5\u30d0\u30fc\u30c8\u30eb", "Hometown_details_abbr1_2char": "\u30b9\u30d5", "Hometown_details_abbr1_3char": "\u30b9\u30d5\u30d0", "Hometown_code_2": null, "Hometown_details_2": "", "Hometown_details_abbr2_2char": "", "Hometown_details_abbr2_3char": "", "Alien_classification": true, "Height": 186, "Weight": 156, "Last_weight": 156, "Hatsudohyou_year": 2001, "Hatsubasho_code": 13, "Tukedashi_class_code": null, "Tukedashi_class": false, "Tukedashi_maime": null, "Rikishi_attrib_class": 1, "Retired_year_AD": null, "Retirebasho_code": null, "Day_of_retirement": null, "Hometown_details_Municipality_1": "\u30b9\u30d5\u30d0\u30fc\u30c8\u30eb\u770c", "Hometown_details_Municipality_2": ""}}, {"model": "app_sumo.mst_rikishi", "pk": 7, "fields": {"Rikishi_code": 22120, "Rikishi_name_kanji_official": "\u8cb4\u666f\u52dd", "Rikishi_name_kanji_kana": "\u305f\u304b\u3051\u3044\u3057\u3087\u3046", "Rikishi_name_Kanji_2char": "\u8cb4\u666f", "Rikishi_name_Kanji_3char": "\u8cb4\u666f\u52dd", "Rikishi_name_Kanji_4char": "\u8cb4\u666f\u52dd\u3000", "Rikishi_name_jikai_code_official": "", "Rikishi_name_jikai_code_2char": "", "Rikishi_name_jikai_code_3char": "", "Rikishi_name_jikai_code_4char": "", "Heya_code": 14, "OCR_rikishi_name_Kanji": "", "Real_name": "", "Date_of_birth": "1996-08-05", "Hometown_code_1": 18, "Hometown_details_1": "\u82a6\u5c4b", "Hometown_details_abbr1_2char": "\u82a6\u5c4b", "Hometown_details_abbr1_3char": "\u82a6\u3000\u5c4b", "Hometown_code_2": null, "Hometown_details_2": "", "Hometown_details_abbr2_2char": "", "Hometown_details_abbr2_3char": "", "Alien_classification": false, "Height": 175, "Weight": 169, "Last_weight": 169, "Hatsudohyou_year": 2014, "Hatsubasho_code": 12, "Tukedashi_class_code": null, "Tukedashi_class": false, "Tukedashi_maime": null, "Rikishi_attrib_class": 1, "Retired_year_AD": null, "Retirebasho_code": null, "Day_of_retirement": null, "Hometown_details_Municipality_1": "\u82a6\u5c4b\u5e02", "Hometown_details_Municipality_2": ""}}, {"model": "app_sumo.mst_rikishi", "pk": 8, "fields": {"Rikishi_code": 23280, "Rikishi_name_kanji_official": "\u671d\u4e43\u5c71", "Rikishi_name_kanji_kana": "\u3042\u3055\u306e\u3084\u307e", "Rikishi_name_Kanji_2char": "\u671d\u5c71", "Rikishi_name_Kanji_3char": "\u671d\u4e43\u5c71", "Rikishi_name_Kanji_4char": "\u671d\u4e43\u5c71\u3000", "Rikishi_name_jikai_code_official": "", "Rikishi_name_jikai_code_2char": "", "Rikishi_name_jikai_code_3char": "", "Rikishi_name_jikai_code_4char": "", "Heya_code": 15, "OCR_rikishi_name_Kanji": "", "Real_name": "", "Date_of_birth": "1994-03-01", "Hometown_code_1": 19, "Hometown_details_1": "\u5bcc\u5c71", "Hometown_details_abbr1_2char": "\u5bcc\u5c71", "Hometown_details_abbr1_3char": "\u5bcc\u3000\u5c71", "Hometown_code_2": null, "Hometown_details_2": "", "Hometown_details_abbr2_2char": "", "Hometown_details_abbr2_3char": "", "Alien_classification": false, "Height": 188, "Weight": 177, "Last_weight": 177, "Hatsudohyou_year": 2016, "Hatsubasho_code": 9, "Tukedashi_class_code": null, "Tukedashi_class": false, "Tukedashi_maime": null, "Rikishi_attrib_class": 1, "Retired_year_AD": null, "Retirebasho_code": null, "Day_of_retirement": null, "Hometown_details_Municipality_1": "\u5bcc\u5c71\u5e02", "Hometown_details_Municipality_2": ""}}, {"model": "app_sumo.mst_rikishi", "pk": 9, "fields": {"Rikishi_code": 21630, "Rikishi_name_kanji_official": "\u6b63\u4ee3", "Rikishi_name_kanji_kana": "\u3057\u3087\u3046\u3060\u3044", "Rikishi_name_Kanji_2char": "\u6b63\u4ee3", "Rikishi_name_Kanji_3char": "\u6b63\u3000\u4ee3", "Rikishi_name_Kanji_4char": "\u6b63\u3000\u4ee3\u3000", "Rikishi_name_jikai_code_official": "", "Rikishi_name_jikai_code_2char": "", "Rikishi_name_jikai_code_3char": "", "Rikishi_name_jikai_code_4char": "", "Heya_code": 16, "OCR_rikishi_name_Kanji": "", "Real_name": "", "Date_of_birth": "1991-11-05", "Hometown_code_1": 20, "Hometown_details_1": "\u5b87\u571f", "Hometown_details_abbr1_2char": "\u5b87\u571f", "Hometown_details_abbr1_3char": "\u5b87\u3000\u571f", "Hometown_code_2": null, "Hometown_details_2": "", "Hometown_details_abbr2_2char": "", "Hometown_details_abbr2_3char": "", "Alien_classification": false, "Height": 183, "Weight": 171, "Last_weight": 171, "Hatsudohyou_year": 2014, "Hatsubasho_code": 9, "Tukedashi_class_code": null, "Tukedashi_class": false, "Tukedashi_maime": null, "Rikishi_attrib_class": 1, "Retired_year_AD": null, "Retirebasho_code": null, "Day_of_retirement": null, "Hometown_details_Municipality_1": "\u5b87\u571f\u5e02", "Hometown_details_Municipality_2": ""}}, {"model": "app_sumo.mst_rikishi", "pk": 10, "fields": {"Rikishi_code": 9330, "Rikishi_name_kanji_official": "\u5317\u52dd\u5bcc\u58eb", "Rikishi_name_kanji_kana": "\u307b\u304f\u3068\u3075\u3058", "Rikishi_name_Kanji_2char": "\u5317\u5bcc", "Rikishi_name_Kanji_3char": "\u5317\u52dd\u5bcc", "Rikishi_name_Kanji_4char": "\u5317\u52dd\u5bcc\u58eb", "Rikishi_name_jikai_code_official": "", "Rikishi_name_jikai_code_2char": "", "Rikishi_name_jikai_code_3char": "", "Rikishi_name_jikai_code_4char": "", "Heya_code": 17, "OCR_rikishi_name_Kanji": "", "Real_name": "", "Date_of_birth": "1986-09-20", "Hometown_code_1": 16, "Hometown_details_1": "\u5927\u7530", "Hometown_details_abbr1_2char": "\u5927\u7530", "Hometown_details_abbr1_3char": "\u5927\u3000\u7530", "Hometown_code_2": null, "Hometown_details_2": "", "Hometown_details_abbr2_2char": "", "Hometown_details_abbr2_3char": "", "Alien_classification": false, "Height": 0, "Weight": 0, "Last_weight": 0, "Hatsudohyou_year": 2002, "Hatsubasho_code": 9, "Tukedashi_class_code": null, "Tukedashi_class": false, "Tukedashi_maime": null, "Rikishi_attrib_class": 1, "Retired_year_AD": null, "Retirebasho_code": null, "Day_of_retirement": null, "Hometown_details_Municipality_1": "\u5927\u7530\u533a", "Hometown_details_Municipality_2": ""}}, {"model": "app_sumo.mst_rikishi", "pk": 11, "fields": {"Rikishi_code": 20670, "Rikishi_name_kanji_official": "\u9060\u85e4", "Rikishi_name_kanji_kana": "\u3048\u3093\u3069\u3046", "Rikishi_name_Kanji_2char": "\u9060\u85e4", "Rikishi_name_Kanji_3char": "\u9060\u3000\u85e4", "Rikishi_name_Kanji_4char": "\u9060\u3000\u85e4\u3000", "Rikishi_name_jikai_code_official": "", "Rikishi_name_jikai_code_2char": "", "Rikishi_name_jikai_code_3char": "", "Rikishi_name_jikai_code_4char": "", "Heya_code": 7, "OCR_rikishi_name_Kanji": "", "Real_name": "", "Date_of_birth": "1990-10-19", "Hometown_code_1": 21, "Hometown_details_1": "\u7a74\u6c34", "Hometown_details_abbr1_2char": "\u7a74\u6c34", "Hometown_details_abbr1_3char": "\u7a74\u3000\u6c34", "Hometown_code_2": null, "Hometown_details_2": "", "Hometown_details_abbr2_2char": "", "Hometown_details_abbr2_3char": "", "Alien_classification": false, "Height": 182, "Weight": 153, "Last_weight": 153, "Hatsudohyou_year": 2013, "Hatsubasho_code": 9, "Tukedashi_class_code": null, "Tukedashi_class": false, "Tukedashi_maime": null, "Rikishi_attrib_class": 1, "Retired_year_AD": null, "Retirebasho_code": null, "Day_of_retirement": null, "Hometown_details_Municipality_1": "\u7a74\u6c34\u753a", "Hometown_details_Municipality_2": ""}}, {"model": "app_sumo.mst_rikishi", "pk": 12, "fields": {"Rikishi_code": 19880, "Rikishi_name_kanji_official": "\u5927\u6804\u7fd4", "Rikishi_name_kanji_kana": "\u3060\u3044\u3048\u3044\u3057\u3087\u3046", "Rikishi_name_Kanji_2char": "\u5927\u6804", "Rikishi_name_Kanji_3char": "\u5927\u6804\u7fd4", "Rikishi_name_Kanji_4char": "\u5927\u6804\u7fd4\u3000", "Rikishi_name_jikai_code_official": "", "Rikishi_name_jikai_code_2char": "", "Rikishi_name_jikai_code_3char": "", "Rikishi_name_jikai_code_4char": "", "Heya_code": 7, "OCR_rikishi_name_Kanji": "", "Real_name": "", "Date_of_birth": "1993-11-10", "Hometown_code_1": 16, "Hometown_details_1": "\u671d\u971e", "Hometown_details_abbr1_2char": "\u671d\u971e", "Hometown_details_abbr1_3char": "\u671d\u3000\u971e", "Hometown_code_2": null, "Hometown_details_2": "", "Hometown_details_abbr2_2char": "", "Hometown_details_abbr2_3char": "", "Alien_classification": false, "Height": 182, "Weight": 165, "Last_weight": 165, "Hatsudohyou_year": 2012, "Hatsubasho_code": 8, "Tukedashi_class_code": null, "Tukedashi_class": false, "Tukedashi_maime": null, "Rikishi_attrib_class": 1, "Retired_year_AD": null, "Retirebasho_code": null, "Day_of_retirement": null, "Hometown_details_Municipality_1": "\u671d\u971e\u5e02", "Hometown_details_Municipality_2": ""}}, {"model": "app_sumo.mst_rikishi", "pk": 13, "fields": {"Rikishi_code": 13260, "Rikishi_name_kanji_official": "\u9ad8\u5b89", "Rikishi_name_kanji_kana": "\u305f\u304b\u3084\u3059", "Rikishi_name_Kanji_2char": "\u9ad8\u5b89", "Rikishi_name_Kanji_3char": "\u9ad8\u3000\u5b89", "Rikishi_name_Kanji_4char": "\u9ad8\u3000\u5b89\u3000", "Rikishi_name_jikai_code_official": "", "Rikishi_name_jikai_code_2char": "", "Rikishi_name_jikai_code_3char": "", "Rikishi_name_jikai_code_4char": "", "Heya_code": 8, "OCR_rikishi_name_Kanji": "", "Real_name": "", "Date_of_birth": "1990-02-28", "Hometown_code_1": 22, "Hometown_details_1": "", "Hometown_details_abbr1_2char": "", "Hometown_details_abbr1_3char": "", "Hometown_code_2": null, "Hometown_details_2": "\u571f\u6d66", "Hometown_details_abbr2_2char": "\u571f\u6d66", "Hometown_details_abbr2_3char": "\u571f\u3000\u6d66", "Alien_classification": false, "Height": 187, "Weight": 176, "Last_weight": 176, "Hatsudohyou_year": 2005, "Hatsubasho_code": 9, "Tukedashi_class_code": null, "Tukedashi_class": false, "Tukedashi_maime": null, "Rikishi_attrib_class": 1, "Retired_year_AD": null, "Retirebasho_code": null, "Day_of_retirement": null, "Hometown_details_Municipality_1": "\u571f\u6d66\u5e02", "Hometown_details_Municipality_2": ""}}, {"model": "app_sumo.mst_rikishi", "pk": 14, "fields": {"Rikishi_code": 15680, "Rikishi_name_kanji_official": "\u671d\u5f01\u6176", "Rikishi_name_kanji_kana": "\u3042\u3055\u3079\u3093\u3051\u3044", "Rikishi_name_Kanji_2char": "\u671d\u5f01\u6176", "Rikishi_name_Kanji_3char": "\u671d\u5f01\u6176", "Rikishi_name_Kanji_4char": "\u671d\u5f01\u6176\u3000", "Rikishi_name_jikai_code_official": "", "Rikishi_name_jikai_code_2char": "", "Rikishi_name_jikai_code_3char": "", "Rikishi_name_jikai_code_4char": "", "Heya_code": 15, "OCR_rikishi_name_Kanji": "", "Real_name": "", "Date_of_birth": "1989-02-12", "Hometown_code_1": 17, "Hometown_details_1": "\u5e73\u585a", "Hometown_details_abbr1_2char": "\u5e73\u585a", "Hometown_details_abbr1_3char": "\u5e73\u3000\u585a", "Hometown_code_2": null, "Hometown_details_2": "", "Hometown_details_abbr2_2char": "", "Hometown_details_abbr2_3char": "", "Alien_classification": false, "Height": 189, "Weight": 189, "Last_weight": 189, "Hatsudohyou_year": 2007, "Hatsubasho_code": 9, "Tukedashi_class_code": null, "Tukedashi_class": false, "Tukedashi_maime": null, "Rikishi_attrib_class": 1, "Retired_year_AD": null, "Retirebasho_code": null, "Day_of_retirement": null, "Hometown_details_Municipality_1": "\u5e73\u585a\u5e02", "Hometown_details_Municipality_2": ""}}, {"model": "app_sumo.mst_rikishi", "pk": 15, "fields": {"Rikishi_code": 23370, "Rikishi_name_kanji_official": "\u9ce9\u5ca1", "Rikishi_name_kanji_kana": "\u306f\u3068\u304a\u304b", "Rikishi_name_Kanji_2char": "\u9ce9\u5ca1", "Rikishi_name_Kanji_3char": "\u9ce9\u3000\u5ca1", "Rikishi_name_Kanji_4char": "\u9ce9\u3000\u5ca1\u3000", "Rikishi_name_jikai_code_official": "", "Rikishi_name_jikai_code_2char": "", "Rikishi_name_jikai_code_3char": "", "Rikishi_name_jikai_code_4char": "", "Heya_code": 9, "OCR_rikishi_name_Kanji": "", "Real_name": "", "Date_of_birth": "1994-02-23", "Hometown_code_1": 17, "Hometown_details_1": "\u6a2a\u6d5c", "Hometown_details_abbr1_2char": "\u6a2a\u6d5c", "Hometown_details_abbr1_3char": "\u6a2a\u3000\u6d5c", "Hometown_code_2": null, "Hometown_details_2": "", "Hometown_details_abbr2_2char": "", "Hometown_details_abbr2_3char": "", "Alien_classification": false, "Height": 184, "Weight": 145, "Last_weight": 145, "Hatsudohyou_year": 2016, "Hatsubasho_code": 9, "Tukedashi_class_code": null, "Tukedashi_class": false, "Tukedashi_maime": null, "Rikishi_attrib_class": 1, "Retired_year_AD": null, "Retirebasho_code": null, "Day_of_retirement": null, "Hometown_details_Municipality_1": "\u6a2a\u6d5c\u5e02", "Hometown_details_Municipality_2": ""}}, {"model": "app_sumo.mst_rikishi", "pk": 16, "fields": {"Rikishi_code": 20180, "Rikishi_name_kanji_official": "\u5927\u548c\u5d50", "Rikishi_name_kanji_kana": "\u3084\u307e\u3068\u3042\u3089\u3057", "Rikishi_name_Kanji_2char": "\u5927\u5d50", "Rikishi_name_Kanji_3char": "\u5927\u548c\u5d50", "Rikishi_name_Kanji_4char": "\u5927\u548c\u5d50\u3000", "Rikishi_name_jikai_code_official": "", "Rikishi_name_jikai_code_2char": "", "Rikishi_name_jikai_code_3char": "", "Rikishi_name_jikai_code_4char": "", "Heya_code": 19, "OCR_rikishi_name_Kanji": "", "Real_name": "", "Date_of_birth": "1996-05-11", "Hometown_code_1": 17, "Hometown_details_1": "\u5927\u548c", "Hometown_details_abbr1_2char": "\u5927\u548c", "Hometown_details_abbr1_3char": "\u5927\u3000\u548c", "Hometown_code_2": null, "Hometown_details_2": "", "Hometown_details_abbr2_2char": "", "Hometown_details_abbr2_3char": "", "Alien_classification": false, "Height": 190, "Weight": 139, "Last_weight": 139, "Hatsudohyou_year": 2012, "Hatsubasho_code": 9, "Tukedashi_class_code": null, "Tukedashi_class": false, "Tukedashi_maime": null, "Rikishi_attrib_class": 1, "Retired_year_AD": null, "Retirebasho_code": null, "Day_of_retirement": null, "Hometown_details_Municipality_1": "\u5927\u548c\u5e02", "Hometown_details_Municipality_2": ""}}, {"model": "app_sumo.mst_rikishi", "pk": 17, "fields": {"Rikishi_code": 18780, "Rikishi_name_kanji_official": "\u78a7\u6d77\u6d5c", "Rikishi_name_kanji_kana": "\u3042\u304a\u307f\u306f\u307e", "Rikishi_name_Kanji_2char": "\u78a7\u6d77", "Rikishi_name_Kanji_3char": "\u78a7\u6d77\u6d5c", "Rikishi_name_Kanji_4char": "\u78a7\u6d77\u6d5c\u3000", "Rikishi_name_jikai_code_official": "", "Rikishi_name_jikai_code_2char": "", "Rikishi_name_jikai_code_3char": "", "Rikishi_name_jikai_code_4char": "", "Heya_code": 20, "OCR_rikishi_name_Kanji": "", "Real_name": "", "Date_of_birth": "1994-10-27", "Hometown_code_1": 17, "Hometown_details_1": "\u6a2a\u6d5c", "Hometown_details_abbr1_2char": "\u6a2a\u6d5c", "Hometown_details_abbr1_3char": "\u6a2a\u3000\u6d5c", "Hometown_code_2": null, "Hometown_details_2": "", "Hometown_details_abbr2_2char": "", "Hometown_details_abbr2_3char": "", "Alien_classification": false, "Height": 174, "Weight": 118, "Last_weight": 118, "Hatsudohyou_year": 2010, "Hatsubasho_code": 9, "Tukedashi_class_code": null, "Tukedashi_class": false, "Tukedashi_maime": null, "Rikishi_attrib_class": 1, "Retired_year_AD": null, "Retirebasho_code": null, "Day_of_retirement": null, "Hometown_details_Municipality_1": "\u6a2a\u6d5c\u5e02", "Hometown_details_Municipality_2": ""}}, {"model": "app_sumo.mst_rikishi", "pk": 18, "fields": {"Rikishi_code": 11310, "Rikishi_name_kanji_official": "\u84bc\u56fd\u6765", "Rikishi_name_kanji_kana": "\u305d\u3046\u3053\u304f\u3089\u3044", "Rikishi_name_Kanji_2char": "\u84bc\u56fd", "Rikishi_name_Kanji_3char": "\u84bc\u56fd\u6765", "Rikishi_name_Kanji_4char": "\u84bc\u56fd\u6765\u3000", "Rikishi_name_jikai_code_official": "", "Rikishi_name_jikai_code_2char": "", "Rikishi_name_jikai_code_3char": "", "Rikishi_name_jikai_code_4char": "", "Heya_code": 10, "OCR_rikishi_name_Kanji": "", "Real_name": "", "Date_of_birth": "1984-01-09", "Hometown_code_1": 23, "Hometown_details_1": "\u5185\u30e2\u30f3\u30b4\u30eb", "Hometown_details_abbr1_2char": "\u5185\u30e2", "Hometown_details_abbr1_3char": "\u5185\u30e2\u30f3", "Hometown_code_2": null, "Hometown_details_2": "", "Hometown_details_abbr2_2char": "", "Hometown_details_abbr2_3char": "", "Alien_classification": true, "Height": 186, "Weight": 150, "Last_weight": 150, "Hatsudohyou_year": 2003, "Hatsubasho_code": 12, "Tukedashi_class_code": null, "Tukedashi_class": false, "Tukedashi_maime": null, "Rikishi_attrib_class": 1, "Retired_year_AD": null, "Retirebasho_code": null, "Day_of_retirement": null, "Hometown_details_Municipality_1": "\u5185\u30e2\u30f3\u30b4\u30eb\u533a", "Hometown_details_Municipality_2": ""}}, {"model": "app_sumo.mst_rikishi", "pk": 19, "fields": {"Rikishi_code": 9260, "Rikishi_name_kanji_official": "\u8c4a\u30ce\u5cf6", "Rikishi_name_kanji_kana": "\u3068\u3088\u306e\u3057\u307e", "Rikishi_name_Kanji_2char": "\u8c4a\u5cf6", "Rikishi_name_Kanji_3char": "\u8c4a\u30ce\u5cf6", "Rikishi_name_Kanji_4char": "\u8c4a\u30ce\u5cf6\u3000", "Rikishi_name_jikai_code_official": "", "Rikishi_name_jikai_code_2char": "", "Rikishi_name_jikai_code_3char": "", "Rikishi_name_jikai_code_4char": "", "Heya_code": 16, "OCR_rikishi_name_Kanji": "", "Real_name": "", "Date_of_birth": "1983-06-26", "Hometown_code_1": 25, "Hometown_details_1": "\u5bbf\u6bdb", "Hometown_details_abbr1_2char": "\u5bbf\u6bdb", "Hometown_details_abbr1_3char": "\u5bbf\u3000\u6bdb", "Hometown_code_2": null, "Hometown_details_2": "", "Hometown_details_abbr2_2char": "", "Hometown_details_abbr2_3char": "", "Alien_classification": false, "Height": 168, "Weight": 157, "Last_weight": 157, "Hatsudohyou_year": 2002, "Hatsubasho_code": 8, "Tukedashi_class_code": null, "Tukedashi_class": false, "Tukedashi_maime": null, "Rikishi_attrib_class": 1, "Retired_year_AD": null, "Retirebasho_code": null, "Day_of_retirement": null, "Hometown_details_Municipality_1": "\u5bbf\u6bdb\u5e02", "Hometown_details_Municipality_2": ""}}, {"model": "app_sumo.mst_rikishistatus", "pk": 1, "fields": {"Rikishistatus_code": 1, "Rikishistatus_name": "\u73fe\u5f79"}}, {"model": "app_sumo.mst_rikishistatus", "pk": 2, "fields": {"Rikishistatus_code": 2, "Rikishistatus_name": "\u5f15\u9000"}}, {"model": "app_sumo.mst_rikishistatus", "pk": 3, "fields": {"Rikishistatus_code": 3, "Rikishistatus_name": "\u5ec3\u696d"}}, {"model": "app_sumo.mst_rikishistatus", "pk": 4, "fields": {"Rikishistatus_code": 4, "Rikishistatus_name": "\u8ee2\u843d"}}, {"model": "app_sumo.mst_rikishistatus", "pk": 5, "fields": {"Rikishistatus_code": 1, "Rikishistatus_name": "\u73fe\u5f79"}}, {"model": "app_sumo.mst_rikishistatus", "pk": 6, "fields": {"Rikishistatus_code": 2, "Rikishistatus_name": "\u5f15\u9000"}}, {"model": "app_sumo.mst_basho", "pk": 8, "fields": {"Basho_code": 1, "Basho_kanji": "\u521d\u5834\u6240", "Basho_kana": "\u306f\u3064\u3070\u3057\u3087", "Basho_month": 1, "Basho_1char": "\u521d", "Basho_symbol": "\uff34", "Weight_measure_category": 1}}, {"model": "app_sumo.mst_basho", "pk": 9, "fields": {"Basho_code": 2, "Basho_kanji": "\u6625\u5834\u6240", "Basho_kana": "\u306f\u308b\u3070\u3057\u3087", "Basho_month": 3, "Basho_1char": "\u6625", "Basho_symbol": "\u30fb", "Weight_measure_category": 0}}, {"model": "app_sumo.mst_basho", "pk": 10, "fields": {"Basho_code": 3, "Basho_kanji": "\u590f\u5834\u6240", "Basho_kana": "\u306a\u3064\u3070\u3057\u3087", "Basho_month": 5, "Basho_1char": "\u590f", "Basho_symbol": "\uff34", "Weight_measure_category": 1}}, {"model": "app_sumo.mst_basho", "pk": 11, "fields": {"Basho_code": 4, "Basho_kanji": "\u540d\u53e4\u5c4b\u5834\u6240", "Basho_kana": "\u306a\u3054\u3084\u3070\u3057\u3087", "Basho_month": 7, "Basho_1char": "\u540d", "Basho_symbol": "\u30fb", "Weight_measure_category": 0}}, {"model": "app_sumo.mst_basho", "pk": 12, "fields": {"Basho_code": 5, "Basho_kanji": "\u79cb\u5834\u6240", "Basho_kana": "\u3042\u304d\u3070\u3057\u3087", "Basho_month": 9, "Basho_1char": "\u79cb", "Basho_symbol": "\u30fb", "Weight_measure_category": 0}}, {"model": "app_sumo.mst_basho", "pk": 13, "fields": {"Basho_code": 6, "Basho_kanji": "\u4e5d\u5dde\u5834\u6240", "Basho_kana": "\u304d\u3085\u3046\u3057\u3085\u3046\u3070\u3057\u3087", "Basho_month": 11, "Basho_1char": "\u4e5d", "Basho_symbol": "\u30fb", "Weight_measure_category": 0}}, {"model": "app_sumo.mst_basho", "pk": 14, "fields": {"Basho_code": 90, "Basho_kanji": "\u6280\u91cf\u5be9\u67fb", "Basho_kana": "\u304e\u308a\u3087\u3046\u3057\u3093\u3055", "Basho_month": 0, "Basho_1char": "\u6280", "Basho_symbol": "", "Weight_measure_category": null}}, {"model": "app_sumo.mst_heya", "pk": 1, "fields": {"Heya_code": 41, "Heya_official_kanji": "\u9cf4\u3000\u6238", "Heya_official_kana": "\u306a\u308b\u3068", "Heya_kanji_2char": "\u9cf4\u6238", "Heya_kanji_3char": "\u9cf4\u3000\u6238", "Heya_kanji_2char_jikai": "", "Heya_kanji_3char_jikai": ""}}, {"model": "app_sumo.mst_heya", "pk": 2, "fields": {"Heya_code": 1, "Heya_official_kanji": "\u6625\u65e5\u91ce", "Heya_official_kana": "\u304b\u3059\u304c\u306e", "Heya_kanji_2char": "\u6625\u91ce", "Heya_kanji_3char": "\u6625\u65e5\u91ce", "Heya_kanji_2char_jikai": "", "Heya_kanji_3char_jikai": ""}}, {"model": "app_sumo.mst_heya", "pk": 3, "fields": {"Heya_code": 40, "Heya_official_kanji": "\u5cf0\u3000\u5d0e", "Heya_official_kana": "\u307f\u306d\u3056\u304d", "Heya_kanji_2char": "\u5cf0\u5d0e", "Heya_kanji_3char": "\u5cf0\u3000\u5d0e", "Heya_kanji_2char_jikai": "", "Heya_kanji_3char_jikai": ""}}, {"model": "app_sumo.mst_heya", "pk": 4, "fields": {"Heya_code": 31, "Heya_official_kanji": "\u5bae\u57ce\u91ce", "Heya_official_kana": "\u307f\u3084\u304e\u306e", "Heya_kanji_2char": "\u5bae\u57ce", "Heya_kanji_3char": "\u5bae\u57ce\u91ce", "Heya_kanji_2char_jikai": "", "Heya_kanji_3char_jikai": ""}}, {"model": "app_sumo.mst_heya", "pk": 5, "fields": {"Heya_code": 12, "Heya_official_kanji": "\u4f50\u6e21\u30b1\u5dbd", "Heya_official_kana": "\u3055\u3069\u304c\u305f\u3051", "Heya_kanji_2char": "\u4f50\u6e21", "Heya_kanji_3char": "\u4f50\u6e21\u5dbd", "Heya_kanji_2char_jikai": "", "Heya_kanji_3char_jikai": ""}}, {"model": "app_sumo.mst_heya", "pk": 6, "fields": {"Heya_code": 7, "Heya_official_kanji": "\u4f0a\u52e2\u30b1\u6d5c", "Heya_official_kana": "\u3044\u305b\u304c\u306f\u307e", "Heya_kanji_2char": "\u4f0a\u52e2", "Heya_kanji_3char": "\u4f0a\u52e2\u6d5c", "Heya_kanji_2char_jikai": "", "Heya_kanji_3char_jikai": ""}}, {"model": "app_sumo.mst_heya", "pk": 7, "fields": {"Heya_code": 53, "Heya_official_kanji": "\u8ffd\u624b\u98a8", "Heya_official_kana": "\u304a\u3044\u3066\u304b\u305c", "Heya_kanji_2char": "\u8ffd\u624b", "Heya_kanji_3char": "\u8ffd\u624b\u98a8", "Heya_kanji_2char_jikai": "", "Heya_kanji_3char_jikai": ""}}, {"model": "app_sumo.mst_heya", "pk": 8, "fields": {"Heya_code": 56, "Heya_official_kanji": "\u7530\u5b50\u30ce\u6d66", "Heya_official_kana": "\u305f\u3054\u306e\u3046\u3089", "Heya_kanji_2char": "\u7530\u5b50", "Heya_kanji_3char": "\u7530\u5b50\u6d66", "Heya_kanji_2char_jikai": "", "Heya_kanji_3char_jikai": ""}}, {"model": "app_sumo.mst_heya", "pk": 9, "fields": {"Heya_code": 29, "Heya_official_kanji": "\u6728\u3000\u702c", "Heya_official_kana": "\u304d\u305b", "Heya_kanji_2char": "\u6728\u702c", "Heya_kanji_3char": "\u6728\u3000\u702c", "Heya_kanji_2char_jikai": "", "Heya_kanji_3char_jikai": ""}}, {"model": "app_sumo.mst_heya", "pk": 10, "fields": {"Heya_code": 57, "Heya_official_kanji": "\u8352\u3000\u6c50", "Heya_official_kana": "\u3042\u3089\u3057\u304a", "Heya_kanji_2char": "\u8352\u6c50", "Heya_kanji_3char": "\u8352\u3000\u6c50", "Heya_kanji_2char_jikai": "", "Heya_kanji_3char_jikai": ""}}, {"model": "app_sumo.mst_heya", "pk": 11, "fields": {"Heya_code": 10, "Heya_official_kanji": "\u4e5d\u3000\u91cd", "Heya_official_kana": "\u3053\u3053\u306e\u3048", "Heya_kanji_2char": "\u4e5d\u91cd", "Heya_kanji_3char": "\u4e5d\u3000\u91cd", "Heya_kanji_2char_jikai": "", "Heya_kanji_3char_jikai": ""}}, {"model": "app_sumo.mst_heya", "pk": 12, "fields": {"Heya_code": 66, "Heya_official_kanji": "\u6d45\u9999\u5c71", "Heya_official_kana": "\u3042\u3055\u304b\u3084\u307e", "Heya_kanji_2char": "\u6d45\u9999", "Heya_kanji_3char": "\u6d45\u9999\u5c71", "Heya_kanji_2char_jikai": "", "Heya_kanji_3char_jikai": ""}}, {"model": "app_sumo.mst_heya", "pk": 13, "fields": {"Heya_code": 20, "Heya_official_kanji": "\u9678\u3000\u5965", "Heya_official_kana": "\u307f\u3061\u306e\u304f", "Heya_kanji_2char": "\u9678\u5965", "Heya_kanji_3char": "\u9678\u3000\u5965", "Heya_kanji_2char_jikai": "", "Heya_kanji_3char_jikai": ""}}, {"model": "app_sumo.mst_heya", "pk": 14, "fields": {"Heya_code": 63, "Heya_official_kanji": "\u5343\u8cc0\u30ce\u6d66", "Heya_official_kana": "\u3061\u304c\u306e\u3046\u3089", "Heya_kanji_2char": "\u5343\u8cc0", "Heya_kanji_3char": "\u5343\u8cc0\u6d66", "Heya_kanji_2char_jikai": "", "Heya_kanji_3char_jikai": ""}}, {"model": "app_sumo.mst_heya", "pk": 15, "fields": {"Heya_code": 5, "Heya_official_kanji": "\u9ad8\u3000\u7802", "Heya_official_kana": "\u305f\u304b\u3055\u3054", "Heya_kanji_2char": "\u9ad8\u7802", "Heya_kanji_3char": "\u9ad8\u3000\u7802", "Heya_kanji_2char_jikai": "", "Heya_kanji_3char_jikai": ""}}, {"model": "app_sumo.mst_heya", "pk": 16, "fields": {"Heya_code": 4, "Heya_official_kanji": "\u6642\u6d25\u98a8", "Heya_official_kana": "\u3068\u304d\u3064\u304b\u305c", "Heya_kanji_2char": "\u6642\u6d25", "Heya_kanji_3char": "\u6642\u6d25\u98a8", "Heya_kanji_2char_jikai": "", "Heya_kanji_3char_jikai": ""}}, {"model": "app_sumo.mst_heya", "pk": 17, "fields": {"Heya_code": 48, "Heya_official_kanji": "\u516b\u3000\u89d2", "Heya_official_kana": "\u306f\u3063\u304b\u304f", "Heya_kanji_2char": "\u516b\u89d2", "Heya_kanji_3char": "\u516b\u3000\u89d2", "Heya_kanji_2char_jikai": "", "Heya_kanji_3char_jikai": ""}}, {"model": "app_sumo.mst_heya", "pk": 19, "fields": {"Heya_code": 61, "Heya_official_kanji": "\u9323\u3000\u5c71", "Heya_official_kana": "\u3057\u3053\u308d\u3084\u307e", "Heya_kanji_2char": "\u9323\u5c71", "Heya_kanji_3char": "\u9323\u3000\u5c71", "Heya_kanji_2char_jikai": "", "Heya_kanji_3char_jikai": ""}}, {"model": "app_sumo.mst_heya", "pk": 20, "fields": {"Heya_code": 6, "Heya_official_kanji": "\u51fa\u7fbd\u6d77", "Heya_official_kana": "\u3067\u308f\u306e\u3046\u307f", "Heya_kanji_2char": "\u51fa\u7fbd", "Heya_kanji_3char": "\u51fa\u7fbd\u6d77", "Heya_kanji_2char_jikai": "", "Heya_kanji_3char_jikai": ""}}, {"model": "app_sumo.mst_heya", "pk": 21, "fields": {"Heya_code": 60, "Heya_official_kanji": "\u5927\u3000\u5dbd", "Heya_official_kana": "\u304a\u304a\u305f\u3051", "Heya_kanji_2char": "\u5927\u5dbd", "Heya_kanji_3char": "\u5927\u3000\u5dbd", "Heya_kanji_2char_jikai": "", "Heya_kanji_3char_jikai": ""}}, {"model": "app_sumo.mst_kimarite", "pk": 1, "fields": {"Heya_code": 1, "Kimarite_name": "\u3044\u3000\u305e\u3000\u308a", "Kimarite_abbr_5char": "\u3044\u3000\u305e\u3000\u308a", "Display_order": 21, "Opponent_kimarite_code": 1}}, {"model": "app_sumo.mst_kimarite", "pk": 2, "fields": {"Heya_code": 2, "Kimarite_name": "\u3064\u304d\u3060\u3057", "Kimarite_abbr_5char": "\u3064\u304d\u3060\u3057", "Display_order": 11, "Opponent_kimarite_code": 2}}, {"model": "app_sumo.mst_kimarite", "pk": 3, "fields": {"Heya_code": 3, "Kimarite_name": "\u304a\u3057\u3060\u3057", "Kimarite_abbr_5char": "\u304a\u3057\u3060\u3057", "Display_order": 2, "Opponent_kimarite_code": 3}}, {"model": "app_sumo.mst_kimarite", "pk": 4, "fields": {"Heya_code": 4, "Kimarite_name": "\u3088\u308a\u304d\u308a", "Kimarite_abbr_5char": "\u3088\u308a\u304d\u308a", "Display_order": 1, "Opponent_kimarite_code": 4}}, {"model": "app_sumo.mst_kimarite", "pk": 5, "fields": {"Heya_code": 5, "Kimarite_name": "\u3053\u3057\u306a\u3052", "Kimarite_abbr_5char": "\u3053\u3057\u306a\u3052", "Display_order": 50, "Opponent_kimarite_code": 5}}, {"model": "app_sumo.mst_kimarite", "pk": 6, "fields": {"Heya_code": 6, "Kimarite_name": "\u304f\u3073\u306a\u3052", "Kimarite_abbr_5char": "\u304f\u3073\u306a\u3052", "Display_order": 45, "Opponent_kimarite_code": 6}}, {"model": "app_sumo.mst_class", "pk": 1, "fields": {"Class_code": 1, "Class_name_kanji": "\u5e55\u5185", "Class_name_kana": "\u307e\u304f\u3046\u3061", "Class_name_1char": "\u5185", "Class_name_3char": "\u5e55\u3000\u5185", "Banzuke_1char": "\u524d", "Class_name1": "", "Class_name2": "", "Class_name3": ""}}, {"model": "app_sumo.mst_class", "pk": 2, "fields": {"Class_code": 2, "Class_name_kanji": "\u5341\u4e21", "Class_name_kana": "\u3058\u3085\u3046\u308a\u3087\u3046", "Class_name_1char": "\u5341", "Class_name_3char": "\u5341\u3000\u4e21", "Banzuke_1char": "\u5341", "Class_name1": "", "Class_name2": "", "Class_name3": ""}}, {"model": "app_sumo.mst_class", "pk": 3, "fields": {"Class_code": 3, "Class_name_kanji": "\u5e55\u4e0b", "Class_name_kana": "\u307e\u304f\u3057\u305f", "Class_name_1char": "\u5e55", "Class_name_3char": "\u5e55\u3000\u4e0b", "Banzuke_1char": "\u4e0b", "Class_name1": "", "Class_name2": "", "Class_name3": ""}}, {"model": "app_sumo.mst_class", "pk": 4, "fields": {"Class_code": 4, "Class_name_kanji": "\u4e09\u6bb5\u76ee", "Class_name_kana": "\u3055\u3093\u3060\u3093\u3081", "Class_name_1char": "\u4e09", "Class_name_3char": "\u4e09\u6bb5\u76ee", "Banzuke_1char": "\u4e09", "Class_name1": "", "Class_name2": "", "Class_name3": ""}}, {"model": "app_sumo.mst_class", "pk": 5, "fields": {"Class_code": 5, "Class_name_kanji": "\u5e8f\u4e8c\u6bb5", "Class_name_kana": "\u3058\u3087\u306b\u3060\u3093", "Class_name_1char": "\u5e8f", "Class_name_3char": "\u5e8f\u4e8c\u6bb5", "Banzuke_1char": "\u4e8c", "Class_name1": "", "Class_name2": "", "Class_name3": ""}}, {"model": "app_sumo.mst_class", "pk": 6, "fields": {"Class_code": 6, "Class_name_kanji": "\u5e8f\u30ce\u53e3", "Class_name_kana": "\u3058\u3087\u306e\u304f\u3061", "Class_name_1char": "\u5e8f", "Class_name_3char": "\u5e8f\u30ce\u53e3", "Banzuke_1char": "\u5e8f", "Class_name1": "", "Class_name2": "", "Class_name3": ""}}, {"model": "app_sumo.mst_class", "pk": 7, "fields": {"Class_code": 1, "Class_name_kanji": "\u5e55\u5185", "Class_name_kana": "\u307e\u304f\u3046\u3061", "Class_name_1char": "\u5185", "Class_name_3char": "\u5e55\u3000\u5185", "Banzuke_1char": "\u524d", "Class_name1": "", "Class_name2": "", "Class_name3": ""}}, {"model": "app_sumo.mst_class", "pk": 8, "fields": {"Class_code": 2, "Class_name_kanji": "\u5341\u4e21", "Class_name_kana": "\u3058\u3085\u3046\u308a\u3087\u3046", "Class_name_1char": "\u5341", "Class_name_3char": "\u5341\u3000\u4e21", "Banzuke_1char": "\u5341", "Class_name1": "", "Class_name2": "", "Class_name3": ""}}, {"model": "app_sumo.mst_class", "pk": 9, "fields": {"Class_code": 3, "Class_name_kanji": "\u5e55\u4e0b", "Class_name_kana": "\u307e\u304f\u3057\u305f", "Class_name_1char": "\u5e55", "Class_name_3char": "\u5e55\u3000\u4e0b", "Banzuke_1char": "\u4e0b", "Class_name1": "", "Class_name2": "", "Class_name3": ""}}, {"model": "app_sumo.mst_class", "pk": 10, "fields": {"Class_code": 4, "Class_name_kanji": "\u4e09\u6bb5\u76ee", "Class_name_kana": "\u3055\u3093\u3060\u3093\u3081", "Class_name_1char": "\u4e09", "Class_name_3char": "\u4e09\u6bb5\u76ee", "Banzuke_1char": "\u4e09", "Class_name1": "", "Class_name2": "", "Class_name3": ""}}, {"model": "app_sumo.mst_class", "pk": 11, "fields": {"Class_code": 5, "Class_name_kanji": "\u5e8f\u30ce\u53e3", "Class_name_kana": "\u3058\u3087\u306e\u304f\u3061", "Class_name_1char": "\u5e8f", "Class_name_3char": "\u5e8f\u30ce\u53e3", "Banzuke_1char": "\u5e8f", "Class_name1": "", "Class_name2": "", "Class_name3": ""}}, {"model": "app_sumo.mst_chii", "pk": 1, "fields": {"Chii_code": 0, "Chii_kanji": "\u6a2a\u7db1\u5927\u95a2", "Chii_kana": "\u3088\u3053\u3065\u306a\u304a\u304a\u305c\u304d", "Chii_2char": "\u6a2a\u5927", "Chii_3char": "\u6a2a\u3000\u5927", "Chii_name1": "", "Chii_name2": "", "Chii_name3": "", "Sort_code": 1}}, {"model": "app_sumo.mst_chii", "pk": 2, "fields": {"Chii_code": 1, "Chii_kanji": "\u6a2a\u7db1", "Chii_kana": "\u3088\u3053\u3065\u306a", "Chii_2char": "\u6a2a\u7db1", "Chii_3char": "\u6a2a\u3000\u7db1", "Chii_name1": "", "Chii_name2": "", "Chii_name3": "", "Sort_code": 2}}, {"model": "app_sumo.mst_chii", "pk": 3, "fields": {"Chii_code": 2, "Chii_kanji": "\u5927\u95a2", "Chii_kana": "\u304a\u304a\u305c\u304d", "Chii_2char": "\u5927\u95a2", "Chii_3char": "\u5927\u3000\u95a2", "Chii_name1": "", "Chii_name2": "", "Chii_name3": "", "Sort_code": 3}}, {"model": "app_sumo.mst_chii", "pk": 4, "fields": {"Chii_code": 3, "Chii_kanji": "\u95a2\u8107", "Chii_kana": "\u305b\u304d\u308f\u3051", "Chii_2char": "\u95a2\u8107", "Chii_3char": "\u95a2\u3000\u8107", "Chii_name1": "", "Chii_name2": "", "Chii_name3": "", "Sort_code": 4}}, {"model": "app_sumo.mst_chii", "pk": 5, "fields": {"Chii_code": 4, "Chii_kanji": "\u5c0f\u7d50", "Chii_kana": "\u3053\u3080\u3059\u3073", "Chii_2char": "\u5c0f\u7d50", "Chii_3char": "\u5c0f\u3000\u7d50", "Chii_name1": "", "Chii_name2": "", "Chii_name3": "", "Sort_code": 5}}, {"model": "app_sumo.mst_chii", "pk": 6, "fields": {"Chii_code": 5, "Chii_kanji": "\u524d\u982d", "Chii_kana": "\u307e\u3048\u304c\u3057\u3089", "Chii_2char": "\u524d\u982d", "Chii_3char": "\u524d\u3000\u982d", "Chii_name1": "", "Chii_name2": "", "Chii_name3": "", "Sort_code": null}}, {"model": "app_sumo.mst_award_category", "pk": 1, "fields": {"Award_category_code": 1, "Award_category_kanji": "\u512a\u52dd", "Award_category_kana": "\u3086\u3046\u3057\u3087\u3046", "Award_category_name1": "", "Award_category_name2": "", "Award_category_name3": ""}}, {"model": "app_sumo.mst_award_category", "pk": 2, "fields": {"Award_category_code": 2, "Award_category_kanji": "\u6b8a\u52f2", "Award_category_kana": "\u3057\u3085\u304f\u3093", "Award_category_name1": "\u3010\u6b8a\u52f2\u8cde\u3011", "Award_category_name2": "\u6b8a\u52f2\u8cde", "Award_category_name3": ""}}, {"model": "app_sumo.mst_award_category", "pk": 3, "fields": {"Award_category_code": 3, "Award_category_kanji": "\u6562\u95d8", "Award_category_kana": "\u304b\u3093\u3068\u3046", "Award_category_name1": "\u3010\u6562\u95d8\u8cde\u3011", "Award_category_name2": "\u6562\u95d8\u8cde", "Award_category_name3": ""}}, {"model": "app_sumo.mst_award_category", "pk": 4, "fields": {"Award_category_code": 4, "Award_category_kanji": "\u6280\u80fd", "Award_category_kana": "\u304e\u306e\u3046", "Award_category_name1": "\u3010\u6280\u80fd\u8cde\u3011", "Award_category_name2": "\u6280\u80fd\u8cde", "Award_category_name3": ""}}, {"model": "app_sumo.mst_hometown", "pk": 2, "fields": {"Hometown_code": 1, "Country_prefecture_kanji": "\u5317\u6d77\u9053", "Country_prefecture_kana": "\u307b\u3063\u304b\u3044\u3069\u3046", "Country_prefecture_2char": "\u5317\u6d77", "Country_prefecture_3char": "\u5317\u6d77\u9053"}}, {"model": "app_sumo.mst_hometown", "pk": 3, "fields": {"Hometown_code": 2, "Country_prefecture_kanji": "\u9752\u3000\u68ee", "Country_prefecture_kana": "\u3042\u304a\u3082\u308a", "Country_prefecture_2char": "\u9752\u68ee", "Country_prefecture_3char": "\u9752\u3000\u68ee"}}, {"model": "app_sumo.mst_hometown", "pk": 4, "fields": {"Hometown_code": 3, "Country_prefecture_kanji": "\u5ca9\u3000\u624b", "Country_prefecture_kana": "\u3044\u308f\u3066", "Country_prefecture_2char": "\u5ca9\u624b", "Country_prefecture_3char": "\u5ca9\u3000\u624b"}}, {"model": "app_sumo.mst_hometown", "pk": 5, "fields": {"Hometown_code": 4, "Country_prefecture_kanji": "\u5bae\u3000\u57ce", "Country_prefecture_kana": "\u307f\u3084\u304e", "Country_prefecture_2char": "\u5bae\u57ce", "Country_prefecture_3char": "\u5bae\u3000\u57ce"}}, {"model": "app_sumo.mst_hometown", "pk": 6, "fields": {"Hometown_code": 5, "Country_prefecture_kanji": "\u79cb\u3000\u7530", "Country_prefecture_kana": "\u3042\u304d\u305f", "Country_prefecture_2char": "\u79cb\u7530", "Country_prefecture_3char": "\u79cb\u3000\u7530"}}, {"model": "app_sumo.mst_hometown", "pk": 7, "fields": {"Hometown_code": 44, "Country_prefecture_kanji": "\u5927\u3000\u5206", "Country_prefecture_kana": "\u304a\u304a\u3044\u305f", "Country_prefecture_2char": "\u5927\u5206", "Country_prefecture_3char": "\u5927\u3000\u5206"}}, {"model": "app_sumo.mst_hometown", "pk": 8, "fields": {"Hometown_code": 45, "Country_prefecture_kanji": "\u5bae\u3000\u5d0e", "Country_prefecture_kana": "\u307f\u3084\u3056\u304d", "Country_prefecture_2char": "\u5bae\u5d0e", "Country_prefecture_3char": "\u5bae\u3000\u5d0e"}}, {"model": "app_sumo.mst_hometown", "pk": 9, "fields": {"Hometown_code": 46, "Country_prefecture_kanji": "\u9e7f\u5150\u5cf6", "Country_prefecture_kana": "\u304b\u3054\u3057\u307e", "Country_prefecture_2char": "\u9e7f\u5150", "Country_prefecture_3char": "\u9e7f\u5150\u5cf6"}}, {"model": "app_sumo.mst_hometown", "pk": 10, "fields": {"Hometown_code": 47, "Country_prefecture_kanji": "\u6c96\u3000\u7e04", "Country_prefecture_kana": "\u304a\u304d\u306a\u308f", "Country_prefecture_2char": "\u6c96\u7e04", "Country_prefecture_3char": "\u6c96\u3000\u7e04"}}, {"model": "app_sumo.mst_hometown", "pk": 11, "fields": {"Hometown_code": 48, "Country_prefecture_kanji": "\u5916\u3000\u56fd", "Country_prefecture_kana": "\u304c\u3044\u3053\u304f", "Country_prefecture_2char": "\u5916\u56fd", "Country_prefecture_3char": "\u5916\u3000\u56fd"}}, {"model": "app_sumo.mst_hometown", "pk": 12, "fields": {"Hometown_code": 50, "Country_prefecture_kanji": "\u7c73\u3000\u56fd", "Country_prefecture_kana": "\u3079\u3044\u3053\u304f", "Country_prefecture_2char": "\u7c73\u56fd", "Country_prefecture_3char": "\u7c73\u3000\u56fd"}}, {"model": "app_sumo.mst_hometown", "pk": 13, "fields": {"Hometown_code": 51, "Country_prefecture_kanji": "\u30e2\u30f3\u30b4\u30eb", "Country_prefecture_kana": "\u3082\u3093\u3054\u308b", "Country_prefecture_2char": "\u30e2\u30f3", "Country_prefecture_3char": "\u30e2\u30f3\u30b4"}}, {"model": "app_sumo.mst_hometown", "pk": 14, "fields": {"Hometown_code": 13, "Country_prefecture_kanji": "\u6771\u3000\u4eac", "Country_prefecture_kana": "\u3068\u3046\u304d\u3087\u3046", "Country_prefecture_2char": "\u6771\u4eac", "Country_prefecture_3char": "\u6771\u3000\u4eac"}}, {"model": "app_sumo.mst_hometown", "pk": 15, "fields": {"Hometown_code": 22, "Country_prefecture_kanji": "\u9759\u3000\u5ca1", "Country_prefecture_kana": "\u3057\u305a\u304a\u304b", "Country_prefecture_2char": "\u9759\u5ca1", "Country_prefecture_3char": "\u9759\u3000\u5ca1"}}, {"model": "app_sumo.mst_hometown", "pk": 16, "fields": {"Hometown_code": 11, "Country_prefecture_kanji": "\u57fc\u3000\u7389", "Country_prefecture_kana": "\u3055\u3044\u305f\u307e", "Country_prefecture_2char": "\u57fc\u7389", "Country_prefecture_3char": "\u57fc\u3000\u7389"}}, {"model": "app_sumo.mst_hometown", "pk": 17, "fields": {"Hometown_code": 14, "Country_prefecture_kanji": "\u795e\u5948\u5ddd", "Country_prefecture_kana": "\u304b\u306a\u304c\u308f", "Country_prefecture_2char": "\u795e\u5948", "Country_prefecture_3char": "\u795e\u5948\u5ddd"}}, {"model": "app_sumo.mst_hometown", "pk": 18, "fields": {"Hometown_code": 28, "Country_prefecture_kanji": "\u5175\u3000\u5eab", "Country_prefecture_kana": "\u3072\u3087\u3046\u3054", "Country_prefecture_2char": "\u5175\u5eab", "Country_prefecture_3char": "\u5175\u3000\u5eab"}}, {"model": "app_sumo.mst_hometown", "pk": 19, "fields": {"Hometown_code": 16, "Country_prefecture_kanji": "\u5bcc\u3000\u5c71", "Country_prefecture_kana": "\u3068\u3084\u307e", "Country_prefecture_2char": "\u5bcc\u5c71", "Country_prefecture_3char": "\u5bcc\u3000\u5c71"}}, {"model": "app_sumo.mst_hometown", "pk": 20, "fields": {"Hometown_code": 43, "Country_prefecture_kanji": "\u718a\u3000\u672c", "Country_prefecture_kana": "\u304f\u307e\u3082\u3068", "Country_prefecture_2char": "\u718a\u672c", "Country_prefecture_3char": "\u718a\u3000\u672c"}}, {"model": "app_sumo.mst_hometown", "pk": 21, "fields": {"Hometown_code": 17, "Country_prefecture_kanji": "\u77f3\u3000\u5ddd", "Country_prefecture_kana": "\u3044\u3057\u304b\u308f", "Country_prefecture_2char": "\u77f3\u5ddd", "Country_prefecture_3char": "\u77f3\u3000\u5ddd"}}, {"model": "app_sumo.mst_hometown", "pk": 22, "fields": {"Hometown_code": 8, "Country_prefecture_kanji": "\u8328\u3000\u57ce", "Country_prefecture_kana": "\u3044\u3070\u3089\u304d", "Country_prefecture_2char": "\u8328\u57ce", "Country_prefecture_3char": "\u8328\u3000\u57ce"}}, {"model": "app_sumo.mst_hometown", "pk": 23, "fields": {"Hometown_code": 54, "Country_prefecture_kanji": "\u4e2d\u3000\u56fd", "Country_prefecture_kana": "\u3061\u3085\u3046\u3054\u304f", "Country_prefecture_2char": "\u4e2d\u56fd", "Country_prefecture_3char": "\u4e2d\u3000\u56fd"}}, {"model": "app_sumo.mst_hometown", "pk": 24, "fields": {"Hometown_code": 15, "Country_prefecture_kanji": "\u65b0\u3000\u6f5f", "Country_prefecture_kana": "\u306b\u3044\u304c\u305f", "Country_prefecture_2char": "\u65b0\u6f5f", "Country_prefecture_3char": "\u65b0\u3000\u6f5f"}}, {"model": "app_sumo.mst_hometown", "pk": 25, "fields": {"Hometown_code": 39, "Country_prefecture_kanji": "\u9ad8\u3000\u77e5", "Country_prefecture_kana": "\u3053\u3046\u3061", "Country_prefecture_2char": "\u9ad8\u77e5", "Country_prefecture_3char": "\u9ad8\u3000\u77e5"}}, {"model": "app_sumo.mst_hometown", "pk": 26, "fields": {"Hometown_code": 58, "Country_prefecture_kanji": "\u30ed\u30b7\u30a2", "Country_prefecture_kana": "\u308d\u3057\u3042", "Country_prefecture_2char": "\u30ed\u30b7", "Country_prefecture_3char": "\u30ed\u30b7\u30a2"}}, {"model": "app_sumo.mst_nichime", "pk": 17, "fields": {"Nichime_code": 1, "Nichime_name": "\u521d\u3000\u65e5", "Touzai_division": 3, "Nichime_3char": "\u521d\u3000\u65e5", "Nichime_4char": "\u521d\u65e5"}}, {"model": "app_sumo.mst_nichime", "pk": 18, "fields": {"Nichime_code": 2, "Nichime_name": "\u4e8c\u3000\u65e5", "Touzai_division": 4, "Nichime_3char": "\uff12\u65e5\u76ee", "Nichime_4char": "\u4e8c\u65e5\u76ee"}}, {"model": "app_sumo.mst_nichime", "pk": 19, "fields": {"Nichime_code": 3, "Nichime_name": "\u4e09\u3000\u65e5", "Touzai_division": 3, "Nichime_3char": "\uff13\u65e5\u76ee", "Nichime_4char": "\u4e09\u65e5\u76ee"}}, {"model": "app_sumo.mst_nichime", "pk": 20, "fields": {"Nichime_code": 4, "Nichime_name": "\u56db\u3000\u65e5", "Touzai_division": 4, "Nichime_3char": "\uff14\u65e5\u76ee", "Nichime_4char": "\u56db\u65e5\u76ee"}}, {"model": "app_sumo.mst_nichime", "pk": 21, "fields": {"Nichime_code": 5, "Nichime_name": "\u4e94\u3000\u65e5", "Touzai_division": 3, "Nichime_3char": "\uff15\u65e5\u76ee", "Nichime_4char": "\u4e94\u65e5\u76ee"}}, {"model": "app_sumo.mst_nichime", "pk": 22, "fields": {"Nichime_code": 6, "Nichime_name": "\u516d\u3000\u65e5", "Touzai_division": 4, "Nichime_3char": "\uff16\u65e5\u76ee", "Nichime_4char": "\u516d\u65e5\u76ee"}}, {"model": "app_sumo.mst_nichime", "pk": 23, "fields": {"Nichime_code": 7, "Nichime_name": "\u4e03\u3000\u65e5", "Touzai_division": 3, "Nichime_3char": "\uff17\u65e5\u76ee", "Nichime_4char": "\u4e03\u65e5\u76ee"}}, {"model": "app_sumo.mst_nichime", "pk": 24, "fields": {"Nichime_code": 8, "Nichime_name": "\u516b\u3000\u65e5", "Touzai_division": 4, "Nichime_3char": "\uff18\u65e5\u76ee", "Nichime_4char": "\u516b\u65e5\u76ee"}}, {"model": "app_sumo.mst_nichime", "pk": 25, "fields": {"Nichime_code": 9, "Nichime_name": "\u4e5d\u3000\u65e5", "Touzai_division": 3, "Nichime_3char": "\uff19\u65e5\u76ee", "Nichime_4char": "\u4e5d\u65e5\u76ee"}}, {"model": "app_sumo.mst_nichime", "pk": 26, "fields": {"Nichime_code": 10, "Nichime_name": "\u5341\u3000\u65e5", "Touzai_division": 4, "Nichime_3char": "\uf1d9\u65e5\u76ee", "Nichime_4char": "\u5341\u65e5\u76ee"}}, {"model": "app_sumo.mst_nichime", "pk": 27, "fields": {"Nichime_code": 11, "Nichime_name": "\u5341\u4e00\u65e5", "Touzai_division": 3, "Nichime_3char": "\uf1da\u65e5\u76ee", "Nichime_4char": "\u5341\u4e00\u65e5\u76ee"}}, {"model": "app_sumo.mst_nichime", "pk": 28, "fields": {"Nichime_code": 12, "Nichime_name": "\u5341\u4e8c\u65e5", "Touzai_division": 4, "Nichime_3char": "\uf1db\u65e5\u76ee", "Nichime_4char": "\u5341\u4e8c\u65e5\u76ee"}}, {"model": "app_sumo.mst_nichime", "pk": 29, "fields": {"Nichime_code": 13, "Nichime_name": "\u5341\u4e09\u65e5", "Touzai_division": 3, "Nichime_3char": "\uf1dc\u65e5\u76ee", "Nichime_4char": "\u5341\u4e09\u65e5\u76ee"}}, {"model": "app_sumo.mst_nichime", "pk": 30, "fields": {"Nichime_code": 14, "Nichime_name": "\u5341\u56db\u65e5", "Touzai_division": 4, "Nichime_3char": "\uf1dd\u65e5\u76ee", "Nichime_4char": "\u5341\u56db\u65e5\u76ee"}}, {"model": "app_sumo.mst_nichime", "pk": 31, "fields": {"Nichime_code": 15, "Nichime_name": "\u5343\u79cb\u697d", "Touzai_division": 3, "Nichime_3char": "\u5343\u79cb\u697d", "Nichime_4char": "\u5343\u79cb\u697d"}}, {"model": "app_sumo.mst_nichime", "pk": 32, "fields": {"Nichime_code": 0, "Nichime_name": "\u5834\u6240\u524d", "Touzai_division": 3, "Nichime_3char": "\u5834\u6240\u524d", "Nichime_4char": "\u5834\u6240\u524d"}}, {"model": "app_sumo.mst_eastwest", "pk": 3, "fields": {"Eastwest_code": 1, "Eastwest_name": "\u6771"}}, {"model": "app_sumo.mst_eastwest", "pk": 4, "fields": {"Eastwest_code": 2, "Eastwest_name": "\u897f"}}, {"model": "app_sumo.mst_lifetime_statusinfo", "pk": 1, "fields": {"Rikishi_code": 5, "Chii_code": 2}}, {"model": "app_sumo.mst_lifetime_statusinfo", "pk": 2, "fields": {"Rikishi_code": 6, "Chii_code": 2}}, {"model": "app_sumo.mst_lifetime_statusinfo", "pk": 3, "fields": {"Rikishi_code": 7, "Chii_code": 3}}, {"model": "app_sumo.mst_lifetime_statusinfo", "pk": 4, "fields": {"Rikishi_code": 8, "Chii_code": 4}}, {"model": "app_sumo.mst_lifetime_statusinfo", "pk": 5, "fields": {"Rikishi_code": 9, "Chii_code": 4}}, {"model": "app_sumo.mst_lifetime_statusinfo", "pk": 6, "fields": {"Rikishi_code": 10, "Chii_code": 5}}, {"model": "app_sumo.mst_lifetime_statusinfo", "pk": 7, "fields": {"Rikishi_code": 11, "Chii_code": 5}}, {"model": "app_sumo.mst_lifetime_statusinfo", "pk": 8, "fields": {"Rikishi_code": 12, "Chii_code": 5}}, {"model": "app_sumo.mst_lifetime_statusinfo", "pk": 9, "fields": {"Rikishi_code": 13, "Chii_code": 3}}, {"model": "app_sumo.mst_lifetime_result", "pk": 1, "fields": {"Rikishi_code": 5, "Class_code": 7, "Totalbasho": 94, "Totalwins": 1053, "Totalloss": 193, "Totalkyuujou": 164, "Totalties": 0, "Totalgivekinboshi": 25, "Totalgetkinboshi": 1, "Highestchii_code": 2, "Highestorder": null, "Touzai_division": null, "Maxsticking": null, "Overallwinrate": 0.845, "Overallwinrate_yasumimake": 0.747, "Maxcontinuousplayed": null, "Currentcontinuosplayed": null, "Numberofreignedbasho": null}}, {"model": "app_sumo.mst_lifetime_result", "pk": 2, "fields": {"Rikishi_code": 6, "Class_code": 7, "Totalbasho": 79, "Totalwins": 633, "Totalloss": 389, "Totalkyuujou": 163, "Totalties": 0, "Totalgivekinboshi": 31, "Totalgetkinboshi": 0, "Highestchii_code": 2, "Highestorder": null, "Touzai_division": null, "Maxsticking": null, "Overallwinrate": 0.619, "Overallwinrate_yasumimake": 0.534, "Maxcontinuousplayed": null, "Currentcontinuosplayed": null, "Numberofreignedbasho": null}}, {"model": "app_sumo.mst_lifetime_result", "pk": 3, "fields": {"Rikishi_code": 7, "Class_code": 7, "Totalbasho": 19, "Totalwins": 160, "Totalloss": 98, "Totalkyuujou": 27, "Totalties": 0, "Totalgivekinboshi": 0, "Totalgetkinboshi": 3, "Highestchii_code": 2, "Highestorder": null, "Touzai_division": null, "Maxsticking": null, "Overallwinrate": 0.62, "Overallwinrate_yasumimake": 0.561, "Maxcontinuousplayed": null, "Currentcontinuosplayed": null, "Numberofreignedbasho": null}}, {"model": "app_sumo.mst_lifetime_result", "pk": 4, "fields": {"Rikishi_code": 8, "Class_code": 7, "Totalbasho": 15, "Totalwins": 128, "Totalloss": 97, "Totalkyuujou": 0, "Totalties": 0, "Totalgivekinboshi": 0, "Totalgetkinboshi": 1, "Highestchii_code": 4, "Highestorder": null, "Touzai_division": null, "Maxsticking": null, "Overallwinrate": 0.569, "Overallwinrate_yasumimake": null, "Maxcontinuousplayed": null, "Currentcontinuosplayed": null, "Numberofreignedbasho": null}}, {"model": "app_sumo.mst_lifetime_result", "pk": 5, "fields": {"Rikishi_code": 9, "Class_code": 1, "Totalbasho": 25, "Totalwins": 192, "Totalloss": 183, "Totalkyuujou": 0, "Totalties": 0, "Totalgivekinboshi": 0, "Totalgetkinboshi": 1, "Highestchii_code": 4, "Highestorder": null, "Touzai_division": null, "Maxsticking": null, "Overallwinrate": 0.512, "Overallwinrate_yasumimake": null, "Maxcontinuousplayed": null, "Currentcontinuosplayed": null, "Numberofreignedbasho": null}}, {"model": "app_sumo.mst_lifetime_result", "pk": 6, "fields": {"Rikishi_code": 10, "Class_code": 1, "Totalbasho": 20, "Totalwins": 161, "Totalloss": 135, "Totalkyuujou": 4, "Totalties": 0, "Totalgivekinboshi": 0, "Totalgetkinboshi": 7, "Highestchii_code": 5, "Highestorder": null, "Touzai_division": null, "Maxsticking": null, "Overallwinrate": 0.544, "Overallwinrate_yasumimake": 0.537, "Maxcontinuousplayed": null, "Currentcontinuosplayed": null, "Numberofreignedbasho": null}}, {"model": "app_sumo.mst_lifetime_result", "pk": 7, "fields": {"Rikishi_code": 11, "Class_code": 1, "Totalbasho": 38, "Totalwins": 274, "Totalloss": 266, "Totalkyuujou": 30, "Totalties": 0, "Totalgivekinboshi": 0, "Totalgetkinboshi": 6, "Highestchii_code": 5, "Highestorder": null, "Touzai_division": null, "Maxsticking": null, "Overallwinrate": 0.507, "Overallwinrate_yasumimake": 0.481, "Maxcontinuousplayed": null, "Currentcontinuosplayed": null, "Numberofreignedbasho": null}}, {"model": "app_sumo.mst_lifetime_result", "pk": 8, "fields": {"Rikishi_code": 12, "Class_code": 1, "Totalbasho": 24, "Totalwins": 172, "Totalloss": 188, "Totalkyuujou": 0, "Totalties": 0, "Totalgivekinboshi": 0, "Totalgetkinboshi": 2, "Highestchii_code": 5, "Highestorder": null, "Touzai_division": null, "Maxsticking": null, "Overallwinrate": 0.478, "Overallwinrate_yasumimake": null, "Maxcontinuousplayed": null, "Currentcontinuosplayed": null, "Numberofreignedbasho": null}}, {"model": "app_sumo.mst_lifetime_result", "pk": 9, "fields": {"Rikishi_code": 13, "Class_code": 1, "Totalbasho": 52, "Totalwins": 397, "Totalloss": 317, "Totalkyuujou": 66, "Totalties": 0, "Totalgivekinboshi": 0, "Totalgetkinboshi": 4, "Highestchii_code": 3, "Highestorder": null, "Touzai_division": null, "Maxsticking": null, "Overallwinrate": 0.556, "Overallwinrate_yasumimake": 0.509, "Maxcontinuousplayed": null, "Currentcontinuosplayed": null, "Numberofreignedbasho": null}}, {"model": "app_sumo.mst_lifetime_award", "pk": 1, "fields": {"Award_category_code": 1, "Rikishi_code": 5, "Numberofaward": 43}}, {"model": "app_sumo.mst_lifetime_award", "pk": 2, "fields": {"Award_category_code": 2, "Rikishi_code": 5, "Numberofaward": 3}}, {"model": "app_sumo.mst_lifetime_award", "pk": 3, "fields": {"Award_category_code": 3, "Rikishi_code": 5, "Numberofaward": 1}}, {"model": "app_sumo.mst_lifetime_award", "pk": 4, "fields": {"Award_category_code": 4, "Rikishi_code": 5, "Numberofaward": 2}}, {"model": "app_sumo.mst_lifetime_award", "pk": 5, "fields": {"Award_category_code": 1, "Rikishi_code": 6, "Numberofaward": 6}}, {"model": "app_sumo.mst_lifetime_award", "pk": 6, "fields": {"Award_category_code": 2, "Rikishi_code": 6, "Numberofaward": 2}}, {"model": "app_sumo.mst_lifetime_award", "pk": 8, "fields": {"Award_category_code": 4, "Rikishi_code": 6, "Numberofaward": 7}}, {"model": "app_sumo.mst_lifetime_award", "pk": 9, "fields": {"Award_category_code": 1, "Rikishi_code": 7, "Numberofaward": 1}}, {"model": "app_sumo.mst_lifetime_award", "pk": 10, "fields": {"Award_category_code": 2, "Rikishi_code": 7, "Numberofaward": 3}}, {"model": "app_sumo.mst_lifetime_award", "pk": 11, "fields": {"Award_category_code": 3, "Rikishi_code": 7, "Numberofaward": 2}}, {"model": "app_sumo.mst_lifetime_award", "pk": 12, "fields": {"Award_category_code": 4, "Rikishi_code": 7, "Numberofaward": 2}}, {"model": "app_sumo.mst_lifetime_award", "pk": 13, "fields": {"Award_category_code": 1, "Rikishi_code": 8, "Numberofaward": 1}}, {"model": "app_sumo.mst_lifetime_award", "pk": 14, "fields": {"Award_category_code": 2, "Rikishi_code": 8, "Numberofaward": 2}}, {"model": "app_sumo.mst_lifetime_award", "pk": 15, "fields": {"Award_category_code": 3, "Rikishi_code": 8, "Numberofaward": 3}}, {"model": "app_sumo.mst_lifetime_award", "pk": 16, "fields": {"Award_category_code": 4, "Rikishi_code": 8, "Numberofaward": 1}}, {"model": "app_sumo.mst_lifetime_award", "pk": 17, "fields": {"Award_category_code": 3, "Rikishi_code": 9, "Numberofaward": 4}}, {"model": "app_sumo.mst_lifetime_award", "pk": 18, "fields": {"Award_category_code": 4, "Rikishi_code": 10, "Numberofaward": 2}}, {"model": "app_sumo.mst_lifetime_award", "pk": 19, "fields": {"Award_category_code": 2, "Rikishi_code": 11, "Numberofaward": 1}}, {"model": "app_sumo.mst_lifetime_award", "pk": 20, "fields": {"Award_category_code": 3, "Rikishi_code": 11, "Numberofaward": 1}}, {"model": "app_sumo.mst_lifetime_award", "pk": 21, "fields": {"Award_category_code": 4, "Rikishi_code": 11, "Numberofaward": 3}}, {"model": "app_sumo.mst_lifetime_award", "pk": 22, "fields": {"Award_category_code": 2, "Rikishi_code": 12, "Numberofaward": 1}}, {"model": "app_sumo.mst_lifetime_award", "pk": 23, "fields": {"Award_category_code": 2, "Rikishi_code": 13, "Numberofaward": 3}}, {"model": "app_sumo.mst_lifetime_award", "pk": 24, "fields": {"Award_category_code": 3, "Rikishi_code": 13, "Numberofaward": 4}}, {"model": "app_sumo.mst_lifetime_award", "pk": 25, "fields": {"Award_category_code": 4, "Rikishi_code": 13, "Numberofaward": 2}}, {"model": "app_sumo.mst_kindofnewsml", "pk": 1, "fields": {"Content_code": 1, "ContentName": "01\u65b0\u756a\u4ed8\u8cc7\u6599", "Group_code": 1, "NewsMLNo": "01"}}, {"model": "app_sumo.mst_kindofnewsml", "pk": 2, "fields": {"Content_code": 2, "ContentName": "02\u65b0\u756a\u4ed8\u8cc7\u6599\u30fb\u88dc\u6b63", "Group_code": 1, "NewsMLNo": "02"}}, {"model": "app_sumo.mst_kindofnewsml", "pk": 3, "fields": {"Content_code": 3, "ContentName": "03\u65b0\u756a\u4ed8", "Group_code": 1, "NewsMLNo": "03"}}, {"model": "app_sumo.mst_kindofnewsml", "pk": 4, "fields": {"Content_code": 4, "ContentName": "04\u90f7\u571f\u529b\u58eb\u65b0\u756a\u4ed8", "Group_code": 1, "NewsMLNo": "04"}}, {"model": "app_sumo.mst_kindofnewsml", "pk": 5, "fields": {"Content_code": 5, "ContentName": "05\u5e55\u4e0b\u4ee5\u4e0b\u65b0\u756a\u4ed8", "Group_code": 1, "NewsMLNo": "05"}}, {"model": "app_sumo.mst_kindofnewsml", "pk": 6, "fields": {"Content_code": 6, "ContentName": "06\u90f7\u571f\u529b\u58eb\u53d6\u7d44", "Group_code": 2, "NewsMLNo": "06"}}, {"model": "app_sumo.mst_kindofnewsml", "pk": 7, "fields": {"Content_code": 7, "ContentName": "07\u5e55\u4e0b\u4ee5\u4e0b\u53d6\u7d44", "Group_code": 2, "NewsMLNo": "07"}}, {"model": "app_sumo.mst_kindofnewsml", "pk": 8, "fields": {"Content_code": 8, "ContentName": "08\u5341\u4e21\u53d6\u7d44", "Group_code": 2, "NewsMLNo": "08"}}, {"model": "app_sumo.mst_kindofnewsml", "pk": 9, "fields": {"Content_code": 9, "ContentName": "09\u4e2d\u5165\u308a\u5f8c\u53d6\u7d44", "Group_code": 2, "NewsMLNo": "09"}}, {"model": "app_sumo.mst_kindofnewsml", "pk": 10, "fields": {"Content_code": 10, "ContentName": "10\u90f7\u571f\u529b\u58eb\u52dd\u8ca0\uff08\u5e8f\u30ce\u53e3\uff09", "Group_code": 3, "NewsMLNo": "10"}}, {"model": "app_sumo.mst_kindofnewsml", "pk": 11, "fields": {"Content_code": 11, "ContentName": "10\u90f7\u571f\u529b\u58eb\u52dd\u8ca0\uff08\u5e8f\u4e8c\u6bb5\uff09", "Group_code": 3, "NewsMLNo": "10"}}, {"model": "app_sumo.mst_kindofnewsml", "pk": 12, "fields": {"Content_code": 12, "ContentName": "10\u90f7\u571f\u529b\u58eb\u52dd\u8ca0\uff08\u4e09\u6bb5\u76ee\uff09", "Group_code": 3, "NewsMLNo": "10"}}, {"model": "app_sumo.mst_kindofnewsml", "pk": 13, "fields": {"Content_code": 13, "ContentName": "10\u90f7\u571f\u529b\u58eb\u52dd\u8ca0\uff08\u5e55\u4e0b\uff09", "Group_code": 3, "NewsMLNo": "10"}}, {"model": "app_sumo.mst_kindofnewsml", "pk": 14, "fields": {"Content_code": 14, "ContentName": "11\u90f7\u571f\u529b\u58eb\u52dd\u8ca0\u30fb\u307e\u3068\u3081", "Group_code": 3, "NewsMLNo": "11"}}, {"model": "app_sumo.mst_kindofnewsml", "pk": 15, "fields": {"Content_code": 15, "ContentName": "12\u5e55\u5185\u4ee5\u4e0b\u52dd\u8ca0\uff08\u5e8f\u30ce\u53e3\uff09", "Group_code": 3, "NewsMLNo": "12"}}, {"model": "app_sumo.mst_kindofnewsml", "pk": 16, "fields": {"Content_code": 16, "ContentName": "12\u5e55\u5185\u4ee5\u4e0b\u52dd\u8ca0\uff08\u5e8f\u4e8c\u6bb5\uff09", "Group_code": 3, "NewsMLNo": "12"}}, {"model": "app_sumo.mst_kindofnewsml", "pk": 17, "fields": {"Content_code": 17, "ContentName": "12\u5e55\u5185\u4ee5\u4e0b\u52dd\u8ca0\uff08\u4e09\u6bb5\u76ee\uff09", "Group_code": 3, "NewsMLNo": "12"}}, {"model": "app_sumo.mst_kindofnewsml", "pk": 18, "fields": {"Content_code": 18, "ContentName": "12\u5e55\u5185\u4ee5\u4e0b\u52dd\u8ca0\uff08\u5e55\u4e0b\uff09", "Group_code": 3, "NewsMLNo": "12"}}, {"model": "app_sumo.mst_kindofnewsml", "pk": 19, "fields": {"Content_code": 19, "ContentName": "13\u52dd\u8ca0", "Group_code": 3, "NewsMLNo": "13"}}, {"model": "app_sumo.mst_kindofnewsml", "pk": 20, "fields": {"Content_code": 20, "ContentName": "14\u307e\u3068\u3081\u52dd\u8ca0", "Group_code": 3, "NewsMLNo": "14"}}, {"model": "app_sumo.mst_kindofnewsml", "pk": 21, "fields": {"Content_code": 21, "ContentName": "15\u90f7\u571f\u529b\u58eb\u661f\u53d6\u8868", "Group_code": 4, "NewsMLNo": "15"}}, {"model": "app_sumo.mst_kindofnewsml", "pk": 22, "fields": {"Content_code": 22, "ContentName": "16\u5916\u56fd\u529b\u58eb\u6210\u7e3e", "Group_code": 3, "NewsMLNo": "16"}}, {"model": "app_sumo.mst_kindofnewsml", "pk": 23, "fields": {"Content_code": 23, "ContentName": "17\u512a\u52dd\u4e09\u8cde\u53d7\u8cde\u529b\u58eb", "Group_code": 5, "NewsMLNo": "17"}}, {"model": "app_sumo.mst_kindofnewsml", "pk": 24, "fields": {"Content_code": 24, "ContentName": "18\u968e\u7d1a\u5225\u6210\u7e3e\u4e0a\u4f4d\u529b\u58eb\uff08\u5e55\u5185\uff09", "Group_code": 5, "NewsMLNo": "18"}}, {"model": "app_sumo.mst_kindofnewsml", "pk": 25, "fields": {"Content_code": 25, "ContentName": "18\u968e\u7d1a\u5225\u6210\u7e3e\u4e0a\u4f4d\u529b\u58eb\uff08\u5341\u4e21\uff09", "Group_code": 5, "NewsMLNo": "18"}}, {"model": "app_sumo.mst_kindofnewsml", "pk": 26, "fields": {"Content_code": 26, "ContentName": "18\u968e\u7d1a\u5225\u6210\u7e3e\u4e0a\u4f4d\u529b\u58eb\uff08\u5e55\u4e0b\uff09", "Group_code": 5, "NewsMLNo": "18"}}, {"model": "app_sumo.mst_kindofnewsml", "pk": 27, "fields": {"Content_code": 27, "ContentName": "18\u968e\u7d1a\u5225\u6210\u7e3e\u4e0a\u4f4d\u529b\u58eb\uff08\u4e09\u6bb5\u76ee\uff09", "Group_code": 5, "NewsMLNo": "18"}}, {"model": "app_sumo.mst_kindofnewsml", "pk": 28, "fields": {"Content_code": 28, "ContentName": "18\u968e\u7d1a\u5225\u6210\u7e3e\u4e0a\u4f4d\u529b\u58eb\uff08\u5e8f\u4e8c\u6bb5\uff09", "Group_code": 5, "NewsMLNo": "18"}}, {"model": "app_sumo.mst_kindofnewsml", "pk": 29, "fields": {"Content_code": 29, "ContentName": "18\u968e\u7d1a\u5225\u6210\u7e3e\u4e0a\u4f4d\u529b\u58eb\uff08\u5e8f\u30ce\u53e3\uff09", "Group_code": 5, "NewsMLNo": "18"}}, {"model": "app_sumo.mst_kindofnewsml", "pk": 30, "fields": {"Content_code": 30, "ContentName": "20\u5e55\u5185\u4ee5\u4e0b\u5168\u6210\u7e3e\uff08\u5e55\u4e0b\uff09", "Group_code": 5, "NewsMLNo": "20"}}, {"model": "app_sumo.mst_kindofnewsml", "pk": 31, "fields": {"Content_code": 31, "ContentName": "20\u5e55\u5185\u4ee5\u4e0b\u5168\u6210\u7e3e\uff08\u4e09\u6bb5\u76ee\uff09", "Group_code": 5, "NewsMLNo": "20"}}, {"model": "app_sumo.mst_kindofnewsml", "pk": 32, "fields": {"Content_code": 32, "ContentName": "20\u5e55\u5185\u4ee5\u4e0b\u5168\u6210\u7e3e\uff08\u5e8f\u4e8c\u6bb5\uff09", "Group_code": 5, "NewsMLNo": "20"}}, {"model": "app_sumo.mst_kindofnewsml", "pk": 33, "fields": {"Content_code": 33, "ContentName": "20\u5e55\u5185\u4ee5\u4e0b\u5168\u6210\u7e3e\uff08\u5e8f\u30ce\u53e3\uff09", "Group_code": 5, "NewsMLNo": "20"}}, {"model": "app_sumo.mst_kindofnewsml", "pk": 34, "fields": {"Content_code": 34, "ContentName": "21\u5341\u4e21\u661f\u53d6\u8868", "Group_code": 4, "NewsMLNo": "21"}}, {"model": "app_sumo.mst_kindofnewsml", "pk": 35, "fields": {"Content_code": 35, "ContentName": "22\u5e55\u5185\u661f\u53d6\u8868", "Group_code": 4, "NewsMLNo": "22"}}, {"model": "app_sumo.mst_operationmode", "pk": 1, "fields": {"Operationmode_code": 1, "Operationmode_name": "\u901a\u5e38\u958b\u59cb"}}, {"model": "app_sumo.mst_operationmode", "pk": 2, "fields": {"Operationmode_code": 2, "Operationmode_name": "\u7d99\u7d9a\u958b\u59cb"}}, {"model": "app_sumo.mst_operationmode", "pk": 3, "fields": {"Operationmode_code": 3, "Operationmode_name": "\u4f11\u6b62\u958b\u59cb"}}, {"model": "app_sumo.mst_operationmode", "pk": 4, "fields": {"Operationmode_code": 4, "Operationmode_name": "\u4f11\u6b62\u89e3\u9664"}}, {"model": "app_sumo.mst_operationmode", "pk": 5, "fields": {"Operationmode_code": 5, "Operationmode_name": "\u7d42\u4e86"}}, {"model": "app_sumo.mst_prefectures", "pk": 1, "fields": {"Prefectures_code": 1, "Prefectures_name": "\u5317\u6d77\u9053"}}, {"model": "app_sumo.mst_prefectures", "pk": 2, "fields": {"Prefectures_code": 2, "Prefectures_name": "\u9752\u68ee"}}, {"model": "app_sumo.mst_prefectures", "pk": 3, "fields": {"Prefectures_code": 3, "Prefectures_name": "\u5ca9\u624b"}}, {"model": "app_sumo.mst_prefectures", "pk": 4, "fields": {"Prefectures_code": 4, "Prefectures_name": "\u5bae\u57ce"}}, {"model": "app_sumo.mst_prefectures", "pk": 5, "fields": {"Prefectures_code": 5, "Prefectures_name": "\u79cb\u7530"}}, {"model": "app_sumo.mst_prefectures", "pk": 6, "fields": {"Prefectures_code": 6, "Prefectures_name": "\u5c71\u5f62"}}, {"model": "app_sumo.mst_prefectures", "pk": 7, "fields": {"Prefectures_code": 7, "Prefectures_name": "\u798f\u5cf6"}}, {"model": "app_sumo.mst_prefectures", "pk": 8, "fields": {"Prefectures_code": 8, "Prefectures_name": "\u8328\u57ce"}}, {"model": "app_sumo.mst_prefectures", "pk": 9, "fields": {"Prefectures_code": 9, "Prefectures_name": "\u6803\u6728"}}, {"model": "app_sumo.mst_prefectures", "pk": 10, "fields": {"Prefectures_code": 10, "Prefectures_name": "\u7fa4\u99ac"}}, {"model": "app_sumo.mst_prefectures", "pk": 11, "fields": {"Prefectures_code": 11, "Prefectures_name": "\u57fc\u7389"}}, {"model": "app_sumo.mst_prefectures", "pk": 12, "fields": {"Prefectures_code": 12, "Prefectures_name": "\u5343\u8449"}}, {"model": "app_sumo.mst_prefectures", "pk": 13, "fields": {"Prefectures_code": 13, "Prefectures_name": "\u6771\u4eac"}}, {"model": "app_sumo.mst_prefectures", "pk": 14, "fields": {"Prefectures_code": 14, "Prefectures_name": "\u795e\u5948\u5ddd"}}, {"model": "app_sumo.mst_prefectures", "pk": 15, "fields": {"Prefectures_code": 15, "Prefectures_name": "\u65b0\u6f5f"}}, {"model": "app_sumo.mst_prefectures", "pk": 16, "fields": {"Prefectures_code": 16, "Prefectures_name": "\u5bcc\u5c71"}}, {"model": "app_sumo.mst_prefectures", "pk": 17, "fields": {"Prefectures_code": 17, "Prefectures_name": "\u77f3\u5ddd"}}, {"model": "app_sumo.mst_prefectures", "pk": 18, "fields": {"Prefectures_code": 18, "Prefectures_name": "\u798f\u4e95"}}, {"model": "app_sumo.mst_prefectures", "pk": 19, "fields": {"Prefectures_code": 19, "Prefectures_name": "\u5c71\u68a8"}}, {"model": "app_sumo.mst_prefectures", "pk": 20, "fields": {"Prefectures_code": 20, "Prefectures_name": "\u9577\u91ce"}}, {"model": "app_sumo.mst_prefectures", "pk": 21, "fields": {"Prefectures_code": 21, "Prefectures_name": "\u5c90\u961c"}}, {"model": "app_sumo.mst_prefectures", "pk": 22, "fields": {"Prefectures_code": 22, "Prefectures_name": "\u9759\u5ca1"}}, {"model": "app_sumo.mst_prefectures", "pk": 23, "fields": {"Prefectures_code": 23, "Prefectures_name": "\u611b\u77e5"}}, {"model": "app_sumo.mst_prefectures", "pk": 24, "fields": {"Prefectures_code": 24, "Prefectures_name": "\u4e09\u91cd"}}, {"model": "app_sumo.mst_prefectures", "pk": 25, "fields": {"Prefectures_code": 25, "Prefectures_name": "\u6ecb\u8cc0"}}, {"model": "app_sumo.mst_prefectures", "pk": 26, "fields": {"Prefectures_code": 26, "Prefectures_name": "\u4eac\u90fd"}}, {"model": "app_sumo.mst_prefectures", "pk": 27, "fields": {"Prefectures_code": 27, "Prefectures_name": "\u5927\u962a"}}, {"model": "app_sumo.mst_prefectures", "pk": 28, "fields": {"Prefectures_code": 28, "Prefectures_name": "\u5175\u5eab"}}, {"model": "app_sumo.mst_prefectures", "pk": 29, "fields": {"Prefectures_code": 29, "Prefectures_name": "\u5948\u826f"}}, {"model": "app_sumo.mst_prefectures", "pk": 30, "fields": {"Prefectures_code": 30, "Prefectures_name": "\u548c\u6b4c\u5c71"}}, {"model": "app_sumo.mst_prefectures", "pk": 31, "fields": {"Prefectures_code": 31, "Prefectures_name": "\u9ce5\u53d6"}}, {"model": "app_sumo.mst_prefectures", "pk": 32, "fields": {"Prefectures_code": 32, "Prefectures_name": "\u5cf6\u6839"}}, {"model": "app_sumo.mst_prefectures", "pk": 33, "fields": {"Prefectures_code": 33, "Prefectures_name": "\u5ca1\u5c71"}}, {"model": "app_sumo.mst_prefectures", "pk": 34, "fields": {"Prefectures_code": 34, "Prefectures_name": "\u5e83\u5cf6"}}, {"model": "app_sumo.mst_prefectures", "pk": 35, "fields": {"Prefectures_code": 35, "Prefectures_name": "\u5c71\u53e3"}}, {"model": "app_sumo.mst_prefectures", "pk": 36, "fields": {"Prefectures_code": 36, "Prefectures_name": "\u5fb3\u5cf6"}}, {"model": "app_sumo.mst_prefectures", "pk": 37, "fields": {"Prefectures_code": 37, "Prefectures_name": "\u9999\u5ddd"}}, {"model": "app_sumo.mst_prefectures", "pk": 38, "fields": {"Prefectures_code": 38, "Prefectures_name": "\u611b\u5a9b"}}, {"model": "app_sumo.mst_prefectures", "pk": 39, "fields": {"Prefectures_code": 39, "Prefectures_name": "\u9ad8\u77e5"}}, {"model": "app_sumo.mst_prefectures", "pk": 40, "fields": {"Prefectures_code": 40, "Prefectures_name": "\u798f\u5ca1"}}, {"model": "app_sumo.mst_prefectures", "pk": 41, "fields": {"Prefectures_code": 41, "Prefectures_name": "\u4f50\u8cc0"}}, {"model": "app_sumo.mst_prefectures", "pk": 42, "fields": {"Prefectures_code": 42, "Prefectures_name": "\u9577\u5d0e"}}, {"model": "app_sumo.mst_prefectures", "pk": 43, "fields": {"Prefectures_code": 43, "Prefectures_name": "\u718a\u672c"}}, {"model": "app_sumo.mst_prefectures", "pk": 44, "fields": {"Prefectures_code": 44, "Prefectures_name": "\u5927\u5206"}}, {"model": "app_sumo.mst_prefectures", "pk": 45, "fields": {"Prefectures_code": 45, "Prefectures_name": "\u5bae\u5d0e"}}, {"model": "app_sumo.mst_prefectures", "pk": 46, "fields": {"Prefectures_code": 46, "Prefectures_name": "\u9e7f\u5150\u5cf6"}}, {"model": "app_sumo.mst_prefectures", "pk": 47, "fields": {"Prefectures_code": 47, "Prefectures_name": "\u6c96\u7e04"}}, {"model": "app_sumo.mst_prefectures", "pk": 48, "fields": {"Prefectures_code": 48, "Prefectures_name": "\u5916\u56fd"}}, {"model": "app_sumo.mst_prefectures", "pk": 49, "fields": {"Prefectures_code": 0, "Prefectures_name": "(\u5168\u770c)"}}, {"model": "app_sumo.mst_delivery", "pk": 1, "fields": {"Delivery_code": 851, "Delivery_name": "\u30d5\u30eb\u76f8\u5168", "Delivery_name_2char": "\u76f8\u5168", "Individual_address": 0}}, {"model": "app_sumo.mst_delivery", "pk": 2, "fields": {"Delivery_code": 2000, "Delivery_name": "\u30a2\u30b5\u30ac\u30df", "Delivery_name_2char": "\u30ac\u30df", "Individual_address": 1}}, {"model": "app_sumo.mst_delivery", "pk": 3, "fields": {"Delivery_code": 2001, "Delivery_name": "\uff2e\u30c7", "Delivery_name_2char": "\uff2e\u30c7", "Individual_address": 0}}, {"model": "app_sumo.mst_delivery", "pk": 4, "fields": {"Delivery_code": 201, "Delivery_name": "\u9053\u65b0", "Delivery_name_2char": "\u9053\u65b0", "Individual_address": 1}}, {"model": "app_sumo.mst_delivery", "pk": 5, "fields": {"Delivery_code": 203, "Delivery_name": "\u5ba4\u6c11", "Delivery_name_2char": "\u5ba4\u6c11", "Individual_address": 1}}, {"model": "app_sumo.mst_delivery", "pk": 6, "fields": {"Delivery_code": 204, "Delivery_name": "\u6771\u5965", "Delivery_name_2char": "\u6771\u5965", "Individual_address": 1}}, {"model": "app_sumo.mst_delivery", "pk": 7, "fields": {"Delivery_code": 205, "Delivery_name": "\u30c7\u6771", "Delivery_name_2char": "\u30c7\u6771", "Individual_address": 1}}, {"model": "app_sumo.mst_delivery", "pk": 8, "fields": {"Delivery_code": 206, "Delivery_name": "\u5ca9\u624b", "Delivery_name_2char": "\u5ca9\u624b", "Individual_address": 1}}, {"model": "app_sumo.mst_delivery", "pk": 9, "fields": {"Delivery_code": 207, "Delivery_name": "\u79cb\u7530", "Delivery_name_2char": "\u79cb\u7530", "Individual_address": 1}}, {"model": "app_sumo.mst_delivery", "pk": 10, "fields": {"Delivery_code": 223, "Delivery_name": "\u7523\u7d4c", "Delivery_name_2char": "\u7523\u7d4c", "Individual_address": 1}}, {"model": "app_sumo.mst_delivery", "pk": 11, "fields": {"Delivery_code": 241, "Delivery_name": "\u5927\u7523", "Delivery_name_2char": "\u5927\u7523", "Individual_address": 1}}, {"model": "app_sumo.mst_delivery", "pk": 12, "fields": {"Delivery_code": 270, "Delivery_name": "\u6bce\u65e5", "Delivery_name_2char": "\u6bce\u65e5", "Individual_address": 1}}, {"model": "app_sumo.mst_delivery", "pk": 13, "fields": {"Delivery_code": 276, "Delivery_name": "\uff21\uff2b", "Delivery_name_2char": "\uff21\uff2b", "Individual_address": 1}}, {"model": "app_sumo.mst_delivery", "pk": 14, "fields": {"Delivery_code": 278, "Delivery_name": "\uff28\uff33", "Delivery_name_2char": "\uff28\uff33", "Individual_address": 1}}, {"model": "app_sumo.mst_delivery", "pk": 15, "fields": {"Delivery_code": 279, "Delivery_name": "\uff2e\uff33", "Delivery_name_2char": "\uff2e\uff33", "Individual_address": 1}}, {"model": "app_sumo.mst_delivery", "pk": 16, "fields": {"Delivery_code": 280, "Delivery_name": "\uff33\uff2e", "Delivery_name_2char": "\uff33\uff2e", "Individual_address": 1}}, {"model": "app_sumo.mst_delivery", "pk": 17, "fields": {"Delivery_code": 901, "Delivery_name": "\u672d\u5e4c", "Delivery_name_2char": "\u672d\u5e4c", "Individual_address": 1}}, {"model": "app_sumo.mst_delivery", "pk": 18, "fields": {"Delivery_code": 1539, "Delivery_name": "\u30d5\u30eb\u756a\uff23", "Delivery_name_2char": "\u756a\uff23", "Individual_address": 0}}, {"model": "app_sumo.mst_subheader", "pk": 1, "fields": {"Content_code": 1, "Makecontent_code": null, "Prefectures_code": 49, "Nichime_code": null, "Delivery_code": 1}}, {"model": "app_sumo.mst_subheader", "pk": 2, "fields": {"Content_code": 1, "Makecontent_code": null, "Prefectures_code": 49, "Nichime_code": null, "Delivery_code": 2}}, {"model": "app_sumo.mst_subheader", "pk": 3, "fields": {"Content_code": 2, "Makecontent_code": null, "Prefectures_code": 49, "Nichime_code": null, "Delivery_code": 1}}, {"model": "app_sumo.mst_subheader", "pk": 4, "fields": {"Content_code": 2, "Makecontent_code": null, "Prefectures_code": 49, "Nichime_code": null, "Delivery_code": 2}}, {"model": "app_sumo.mst_subheader", "pk": 5, "fields": {"Content_code": 3, "Makecontent_code": null, "Prefectures_code": 49, "Nichime_code": null, "Delivery_code": 1}}, {"model": "app_sumo.mst_subheader", "pk": 6, "fields": {"Content_code": 3, "Makecontent_code": null, "Prefectures_code": 49, "Nichime_code": null, "Delivery_code": 3}}, {"model": "app_sumo.mst_subheader", "pk": 7, "fields": {"Content_code": 3, "Makecontent_code": null, "Prefectures_code": 49, "Nichime_code": null, "Delivery_code": 2}}, {"model": "app_sumo.mst_subheader", "pk": 8, "fields": {"Content_code": 4, "Makecontent_code": null, "Prefectures_code": 1, "Nichime_code": null, "Delivery_code": 3}}, {"model": "app_sumo.mst_subheader", "pk": 9, "fields": {"Content_code": 4, "Makecontent_code": null, "Prefectures_code": 1, "Nichime_code": null, "Delivery_code": 5}}, {"model": "app_sumo.mst_subheader", "pk": 10, "fields": {"Content_code": 4, "Makecontent_code": null, "Prefectures_code": 1, "Nichime_code": null, "Delivery_code": 10}}, {"model": "app_sumo.mst_subheader", "pk": 11, "fields": {"Content_code": 4, "Makecontent_code": null, "Prefectures_code": 1, "Nichime_code": null, "Delivery_code": 11}}, {"model": "app_sumo.mst_subheader", "pk": 12, "fields": {"Content_code": 4, "Makecontent_code": null, "Prefectures_code": 1, "Nichime_code": null, "Delivery_code": 12}}, {"model": "app_sumo.mst_subheader", "pk": 13, "fields": {"Content_code": 4, "Makecontent_code": null, "Prefectures_code": 1, "Nichime_code": null, "Delivery_code": 13}}, {"model": "app_sumo.mst_subheader", "pk": 14, "fields": {"Content_code": 4, "Makecontent_code": null, "Prefectures_code": 1, "Nichime_code": null, "Delivery_code": 14}}, {"model": "app_sumo.mst_subheader", "pk": 15, "fields": {"Content_code": 4, "Makecontent_code": null, "Prefectures_code": 1, "Nichime_code": null, "Delivery_code": 15}}, {"model": "app_sumo.mst_subheader", "pk": 16, "fields": {"Content_code": 4, "Makecontent_code": null, "Prefectures_code": 1, "Nichime_code": null, "Delivery_code": 16}}, {"model": "app_sumo.mst_subheader", "pk": 17, "fields": {"Content_code": 4, "Makecontent_code": null, "Prefectures_code": 1, "Nichime_code": null, "Delivery_code": 17}}, {"model": "app_sumo.mst_subheader", "pk": 18, "fields": {"Content_code": 5, "Makecontent_code": null, "Prefectures_code": 49, "Nichime_code": null, "Delivery_code": 18}}]