<?xml version="1.0" encoding="UTF-8"?>
<!--2003年10月7日作成-->
<!--共同通信マスターカタログ３．０版-->
<!DOCTYPE NewsML PUBLIC "urn:newsml:iptc.org:20001006:NewsMLv1.0.dtd:1" "../DTD/NewsMLv1.0.dtd">
<NewsML>
	<Catalog Href="../Catalog/catalog.KyodoMasterCatalogv1.0.xml"/>
	<NewsEnvelope>
		<DateAndTime>20031007T230000+0900</DateAndTime>
	</NewsEnvelope>
	<NewsItem>
		<Identification>
			<NewsIdentifier>
				<ProviderId>kyodonews.jp</ProviderId>
				<DateId>20011024</DateId>
				<NewsItemId>catalog.KyodoMasterCatalog</NewsItemId>
				<RevisionId PreviousRevision="1" Update="N">3</RevisionId>
				<PublicIdentifier>urn:newsml:kyodonews.jp:20011024:catalog.KyodoMasterCatalog:3</PublicIdentifier>
			</NewsIdentifier>
		</Identification>
		<NewsManagement>
			<NewsItemType FormalName="Catalog"/>
			<FirstCreated>20011024T230000+0900</FirstCreated>
			<ThisRevisionCreated>20031007T230000+0900</ThisRevisionCreated>
			<Status FormalName="Usable"/>
		</NewsManagement>
		<NewsComponent Duid="NC0001">
			<ContentItem>
				<DataContent>
					<Catalog>
						<Resource>
							<Urn>urn:newsml:pressnet.or.jp:20010516:topicset.nsk-newsproduct:2</Urn>
							<Url>../topicsets/topicset.nsk-newsproduct.xml</Url>
							<DefaultVocabularyFor Scheme="NskNewsProduct" Context=".//NewsProduct/@FormalName"/>
						</Resource>
						<Resource>
							<Urn>urn:newsml:iptc.org:20001006:topicset.iptc-newsitemtype-ja:3</Urn>
							<Url>../topicsets/topicset.iptc-newsitemtype-ja.xml</Url>
							<DefaultVocabularyFor Scheme="IptcNewsItemType" Context=".//NewsItemType/@FormalName"/>
						</Resource>
						<Resource>
							<Urn>urn:newsml:iptc.org:20001006:topicset.iptc-status-ja:2</Urn>
							<Url>../topicsets/topicset.iptc-status-ja.xml</Url>
							<DefaultVocabularyFor Scheme="IptcStatus" Context=".//Status/@FormalName"/>
							<DefaultVocabularyFor Scheme="IptcStatus" Context=".//FutureStatus/@FormalName"/>
						</Resource>
						<Resource>
							<Urn>urn:newsml:iptc.org:20001006:topicset.iptc-urgency-ja:2</Urn>
							<Url>../topicsets/topicset.iptc-urgency-ja.xml</Url>
							<DefaultVocabularyFor Scheme="IptcUrgency" Context=".//Urgency/@FormalName"/>
						</Resource>
						<Resource>
							<Urn>urn:newsml:kyodonews.jp:20031008:topicset.nsk-newslinetype-kyd:2</Urn>
							<Url>../topicsets/topicset.nsk-newslinetype-kydv1.0.xml</Url>
							<DefaultVocabularyFor Scheme="NskNewsLineType" Context=".//NewsLineType/@FormalName"/>
						</Resource>
						<Resource>
							<Urn>urn:newsml:pressnet.or.jp:20010516:topicset.nsk-party:4</Urn>
							<Url>../topicsets/topicset.nsk-party.xml</Url>
							<DefaultVocabularyFor Scheme="NskParty" Context=".//Party/@FormalName"/>
						</Resource>
						<Resource>
							<Urn>urn:newsml:iptc.org:20001006:topicset.iso-language-ja:3</Urn>
							<Url>../topicsets/topicset.iso-language-ja.xml</Url>
							<DefaultVocabularyFor Scheme="ISO639" Context=".//Language/@FormalName"/>
						</Resource>
						<Resource>
							<Urn>urn:newsml:iptc.org:20001006:topicset.iptc-subjectcode-ja:9</Urn>
							<Url>../topicsets/topicset.iptc-subjectcode-ja.xml</Url>
							<DefaultVocabularyFor Scheme="IptcSubjectCodes" Context=".//Subject/@FormalName"/>
							<DefaultVocabularyFor Scheme="IptcSubjectCodes" Context=".//SubjectMatter/@FormalName"/>
							<DefaultVocabularyFor Scheme="IptcSubjectCodes" Context=".//SubjectDetail/@FormalName"/>
						</Resource>
						<Resource>
							<Urn>urn:newsml:iptc.org:20001006:topicset.iptc-subjectqualifier-ja:8</Urn>
							<Url>../topicsets/topicset.iptc-subjectqualifier-ja.xml</Url>
							<DefaultVocabularyFor Scheme="IptcSubjectQualifiers" Context=".//SubjectQualifier/@FormalName"/>
						</Resource>
						<Resource>
							<Urn>urn:newsml:pressnet.or.jp:20010516:topicset.iptc-topictype-nsk:4</Urn>
							<Url>../topicsets/topicset.iptc-topictype-nsk.xml</Url>
							<DefaultVocabularyFor Scheme="IptcTopicType" Context=".//TopicType/@FormalName"/>
							<DefaultVocabularyFor Scheme="IptcTopicType" Context=".//TopicSet/@FormalName"/>
						</Resource>
						<Resource>
							<Urn>urn:newsml:kyodonews.jp:20010516:topicset.iptc-metadatatype-nsk-kyd:2</Urn>
							<Url>../topicsets/topicset.iptc-metadatatype-nsk-kydv1.0.xml</Url>
							<DefaultVocabularyFor Scheme="NskMetadataTypes" Context=".//MetadataType/@FormalName"/>
						</Resource>
						<Resource>
							<Urn>urn:newsml:kyodonews.jp:20010516:topicset.iptc-property-nsk-kyd:4</Urn>
							<Url>../topicsets/topicset.iptc-property-nsk-kydv1.0.xml</Url>
							<DefaultVocabularyFor Scheme="NskProperty" Context=".//Property/@FormalName"/>
						</Resource>
						<Resource>
							<Urn>urn:newsml:iptc.org:20001006:topicset.iso-country-ja:4</Urn>
							<Url>../topicsets/topicset.iso-country-ja.xml</Url>
							<DefaultVocabularyFor Scheme="ISO3166-alpha3" Context=".//Property/Property[@FormalName='NskCountry']/@Value"/>
						</Resource>
						<Resource>
							<Urn>urn:newsml:pressnet.or.jp:20010516:topicset.nsk-jpnareacode:3</Urn>
							<Url>../topicsets/topicset.nsk-jpnareacode.xml</Url>
							<DefaultVocabularyFor Scheme="Code" Context=".//Property/Property[@FormalName='NskJpnAreaCode']/@Value"/>
						</Resource>
						<Resource>
							<Urn>urn:newsml:pressnet.or.jp:20010516:topicset.nsk-material:1</Urn>
							<Url>../topicsets/topicset.nsk-material.xml</Url>
							<DefaultVocabularyFor Context=".//Metadata/Property[@FormalName='Material']/@Value"/>
						</Resource>
						<Resource>
							<Urn>urn:newsml:iptc.org:20001006:topicset.iptc-mediatype-ja:4</Urn>
							<Url>../topicsets/topicset.iptc-mediatype-ja.xml</Url>
							<DefaultVocabularyFor Scheme="IptcMediaTypes" Context=".//MediaType/@FormalName"/>
						</Resource>
						<Resource>
							<Urn>urn:newsml:pressnet.or.jp:20010516:topicset.iptc-format:9</Urn>
							<Url>../topicsets/topicset.iptc-format-nsk.xml</Url>
							<DefaultVocabularyFor Scheme="NskFormats" Context=".//Format/@FormalName"/>
						</Resource>
						<Resource>
							<Urn>urn:newsml:iptc.org:20001006:topicset.iptc-mimetype-ja:4</Urn>
							<Url>../topicsets/topicset.iptc-mimetype-ja.xml</Url>
							<DefaultVocabularyFor Scheme="IptcMimeTypes" Context=".//MimeType/@FormalName"/>
						</Resource>
						<Resource>
							<Urn>urn:newsml:pressnet.or.jp:20010516:topicset.iptc-role-nsk:2</Urn>
							<Url>../topicsets/topicset.iptc-role-nsk.xml</Url>
							<DefaultVocabularyFor Scheme="IptcRole" Context=".//Role/@FormalName"/>
						</Resource>
					</Catalog>
				</DataContent>
			</ContentItem>
		</NewsComponent>
	</NewsItem>
</NewsML>

